video_path,label
C:\Users\Sandhya\Desktop\sih\Celeb-DF\YouTube-real\00000.mp4,1
C:\Users\Sandhya\Desktop\sih\Celeb-DF\YouTube-real\00001.mp4,1
C:\Users\Sandhya\Desktop\sih\Celeb-DF\YouTube-real\00002.mp4,1
C:\Users\Sandhya\Desktop\sih\Celeb-DF\YouTube-real\00003.mp4,1
C:\Users\Sandhya\Desktop\sih\Celeb-DF\YouTube-real\00004.mp4,1
C:\Users\Sandhya\Desktop\sih\Celeb-DF\YouTube-real\00005.mp4,1
C:\Users\Sandhya\Desktop\sih\Celeb-DF\YouTube-real\00006.mp4,1
C:\Users\Sandhya\Desktop\sih\Celeb-DF\YouTube-real\00007.mp4,1
C:\Users\Sandhya\Desktop\sih\Celeb-DF\YouTube-real\00008.mp4,1
C:\Users\Sandhya\Desktop\sih\Celeb-DF\YouTube-real\00009.mp4,1
C:\Users\Sandhya\Desktop\sih\Celeb-DF\YouTube-real\00010.mp4,1
C:\Users\Sandhya\Desktop\sih\Celeb-DF\YouTube-real\00011.mp4,1
C:\Users\Sandhya\Desktop\sih\Celeb-DF\YouTube-real\00012.mp4,1
C:\Users\Sandhya\Desktop\sih\Celeb-DF\YouTube-real\00013.mp4,1
C:\Users\Sandhya\Desktop\sih\Celeb-DF\YouTube-real\00014.mp4,1
C:\Users\Sandhya\Desktop\sih\Celeb-DF\YouTube-real\00015.mp4,1
C:\Users\Sandhya\Desktop\sih\Celeb-DF\YouTube-real\00016.mp4,1
C:\Users\Sandhya\Desktop\sih\Celeb-DF\YouTube-real\00017.mp4,1
C:\Users\Sandhya\Desktop\sih\Celeb-DF\YouTube-real\00018.mp4,1
C:\Users\Sandhya\Desktop\sih\Celeb-DF\YouTube-real\00019.mp4,1
C:\Users\Sandhya\Desktop\sih\Celeb-DF\YouTube-real\00020.mp4,1
C:\Users\Sandhya\Desktop\sih\Celeb-DF\YouTube-real\00021.mp4,1
C:\Users\Sandhya\Desktop\sih\Celeb-DF\YouTube-real\00022.mp4,1
C:\Users\Sandhya\Desktop\sih\Celeb-DF\YouTube-real\00023.mp4,1
C:\Users\Sandhya\Desktop\sih\Celeb-DF\YouTube-real\00024.mp4,1
C:\Users\Sandhya\Desktop\sih\Celeb-DF\YouTube-real\00025.mp4,1
C:\Users\Sandhya\Desktop\sih\Celeb-DF\YouTube-real\00026.mp4,1
C:\Users\Sandhya\Desktop\sih\Celeb-DF\YouTube-real\00027.mp4,1
C:\Users\Sandhya\Desktop\sih\Celeb-DF\YouTube-real\00028.mp4,1
C:\Users\Sandhya\Desktop\sih\Celeb-DF\YouTube-real\00029.mp4,1
C:\Users\Sandhya\Desktop\sih\Celeb-DF\YouTube-real\00030.mp4,1
C:\Users\Sandhya\Desktop\sih\Celeb-DF\YouTube-real\00031.mp4,1
C:\Users\Sandhya\Desktop\sih\Celeb-DF\YouTube-real\00032.mp4,1
C:\Users\Sandhya\Desktop\sih\Celeb-DF\YouTube-real\00033.mp4,1
C:\Users\Sandhya\Desktop\sih\Celeb-DF\YouTube-real\00034.mp4,1
C:\Users\Sandhya\Desktop\sih\Celeb-DF\YouTube-real\00035.mp4,1
C:\Users\Sandhya\Desktop\sih\Celeb-DF\YouTube-real\00036.mp4,1
C:\Users\Sandhya\Desktop\sih\Celeb-DF\YouTube-real\00037.mp4,1
C:\Users\Sandhya\Desktop\sih\Celeb-DF\YouTube-real\00038.mp4,1
C:\Users\Sandhya\Desktop\sih\Celeb-DF\YouTube-real\00039.mp4,1
C:\Users\Sandhya\Desktop\sih\Celeb-DF\YouTube-real\00040.mp4,1
C:\Users\Sandhya\Desktop\sih\Celeb-DF\YouTube-real\00041.mp4,1
C:\Users\Sandhya\Desktop\sih\Celeb-DF\YouTube-real\00042.mp4,1
C:\Users\Sandhya\Desktop\sih\Celeb-DF\YouTube-real\00043.mp4,1
C:\Users\Sandhya\Desktop\sih\Celeb-DF\YouTube-real\00044.mp4,1
C:\Users\Sandhya\Desktop\sih\Celeb-DF\YouTube-real\00045.mp4,1
C:\Users\Sandhya\Desktop\sih\Celeb-DF\YouTube-real\00046.mp4,1
C:\Users\Sandhya\Desktop\sih\Celeb-DF\YouTube-real\00047.mp4,1
C:\Users\Sandhya\Desktop\sih\Celeb-DF\YouTube-real\00048.mp4,1
C:\Users\Sandhya\Desktop\sih\Celeb-DF\YouTube-real\00049.mp4,1
C:\Users\Sandhya\Desktop\sih\Celeb-DF\YouTube-real\00050.mp4,1
C:\Users\Sandhya\Desktop\sih\Celeb-DF\YouTube-real\00051.mp4,1
C:\Users\Sandhya\Desktop\sih\Celeb-DF\YouTube-real\00052.mp4,1
C:\Users\Sandhya\Desktop\sih\Celeb-DF\YouTube-real\00053.mp4,1
C:\Users\Sandhya\Desktop\sih\Celeb-DF\YouTube-real\00054.mp4,1
C:\Users\Sandhya\Desktop\sih\Celeb-DF\YouTube-real\00055.mp4,1
C:\Users\Sandhya\Desktop\sih\Celeb-DF\YouTube-real\00056.mp4,1
C:\Users\Sandhya\Desktop\sih\Celeb-DF\YouTube-real\00057.mp4,1
C:\Users\Sandhya\Desktop\sih\Celeb-DF\YouTube-real\00058.mp4,1
C:\Users\Sandhya\Desktop\sih\Celeb-DF\YouTube-real\00059.mp4,1
C:\Users\Sandhya\Desktop\sih\Celeb-DF\YouTube-real\00060.mp4,1
C:\Users\Sandhya\Desktop\sih\Celeb-DF\YouTube-real\00061.mp4,1
C:\Users\Sandhya\Desktop\sih\Celeb-DF\YouTube-real\00062.mp4,1
C:\Users\Sandhya\Desktop\sih\Celeb-DF\YouTube-real\00063.mp4,1
C:\Users\Sandhya\Desktop\sih\Celeb-DF\YouTube-real\00064.mp4,1
C:\Users\Sandhya\Desktop\sih\Celeb-DF\YouTube-real\00065.mp4,1
C:\Users\Sandhya\Desktop\sih\Celeb-DF\YouTube-real\00066.mp4,1
C:\Users\Sandhya\Desktop\sih\Celeb-DF\YouTube-real\00067.mp4,1
C:\Users\Sandhya\Desktop\sih\Celeb-DF\YouTube-real\00068.mp4,1
C:\Users\Sandhya\Desktop\sih\Celeb-DF\YouTube-real\00069.mp4,1
C:\Users\Sandhya\Desktop\sih\Celeb-DF\YouTube-real\00070.mp4,1
C:\Users\Sandhya\Desktop\sih\Celeb-DF\YouTube-real\00071.mp4,1
C:\Users\Sandhya\Desktop\sih\Celeb-DF\YouTube-real\00072.mp4,1
C:\Users\Sandhya\Desktop\sih\Celeb-DF\YouTube-real\00073.mp4,1
C:\Users\Sandhya\Desktop\sih\Celeb-DF\YouTube-real\00074.mp4,1
C:\Users\Sandhya\Desktop\sih\Celeb-DF\YouTube-real\00075.mp4,1
C:\Users\Sandhya\Desktop\sih\Celeb-DF\YouTube-real\00076.mp4,1
C:\Users\Sandhya\Desktop\sih\Celeb-DF\YouTube-real\00077.mp4,1
C:\Users\Sandhya\Desktop\sih\Celeb-DF\YouTube-real\00078.mp4,1
C:\Users\Sandhya\Desktop\sih\Celeb-DF\YouTube-real\00079.mp4,1
C:\Users\Sandhya\Desktop\sih\Celeb-DF\YouTube-real\00080.mp4,1
C:\Users\Sandhya\Desktop\sih\Celeb-DF\YouTube-real\00081.mp4,1
C:\Users\Sandhya\Desktop\sih\Celeb-DF\YouTube-real\00082.mp4,1
C:\Users\Sandhya\Desktop\sih\Celeb-DF\YouTube-real\00083.mp4,1
C:\Users\Sandhya\Desktop\sih\Celeb-DF\YouTube-real\00084.mp4,1
C:\Users\Sandhya\Desktop\sih\Celeb-DF\YouTube-real\00085.mp4,1
C:\Users\Sandhya\Desktop\sih\Celeb-DF\YouTube-real\00086.mp4,1
C:\Users\Sandhya\Desktop\sih\Celeb-DF\YouTube-real\00087.mp4,1
C:\Users\Sandhya\Desktop\sih\Celeb-DF\YouTube-real\00088.mp4,1
C:\Users\Sandhya\Desktop\sih\Celeb-DF\YouTube-real\00089.mp4,1
C:\Users\Sandhya\Desktop\sih\Celeb-DF\YouTube-real\00090.mp4,1
C:\Users\Sandhya\Desktop\sih\Celeb-DF\YouTube-real\00091.mp4,1
C:\Users\Sandhya\Desktop\sih\Celeb-DF\YouTube-real\00092.mp4,1
C:\Users\Sandhya\Desktop\sih\Celeb-DF\YouTube-real\00093.mp4,1
C:\Users\Sandhya\Desktop\sih\Celeb-DF\YouTube-real\00094.mp4,1
C:\Users\Sandhya\Desktop\sih\Celeb-DF\YouTube-real\00095.mp4,1
C:\Users\Sandhya\Desktop\sih\Celeb-DF\YouTube-real\00096.mp4,1
C:\Users\Sandhya\Desktop\sih\Celeb-DF\YouTube-real\00097.mp4,1
C:\Users\Sandhya\Desktop\sih\Celeb-DF\YouTube-real\00098.mp4,1
C:\Users\Sandhya\Desktop\sih\Celeb-DF\YouTube-real\00099.mp4,1
C:\Users\Sandhya\Desktop\sih\Celeb-DF\YouTube-real\00100.mp4,1
C:\Users\Sandhya\Desktop\sih\Celeb-DF\YouTube-real\00101.mp4,1
C:\Users\Sandhya\Desktop\sih\Celeb-DF\YouTube-real\00102.mp4,1
C:\Users\Sandhya\Desktop\sih\Celeb-DF\YouTube-real\00103.mp4,1
C:\Users\Sandhya\Desktop\sih\Celeb-DF\YouTube-real\00104.mp4,1
C:\Users\Sandhya\Desktop\sih\Celeb-DF\YouTube-real\00105.mp4,1
C:\Users\Sandhya\Desktop\sih\Celeb-DF\YouTube-real\00106.mp4,1
C:\Users\Sandhya\Desktop\sih\Celeb-DF\YouTube-real\00107.mp4,1
C:\Users\Sandhya\Desktop\sih\Celeb-DF\YouTube-real\00108.mp4,1
C:\Users\Sandhya\Desktop\sih\Celeb-DF\YouTube-real\00109.mp4,1
C:\Users\Sandhya\Desktop\sih\Celeb-DF\YouTube-real\00110.mp4,1
C:\Users\Sandhya\Desktop\sih\Celeb-DF\YouTube-real\00111.mp4,1
C:\Users\Sandhya\Desktop\sih\Celeb-DF\YouTube-real\00112.mp4,1
C:\Users\Sandhya\Desktop\sih\Celeb-DF\YouTube-real\00113.mp4,1
C:\Users\Sandhya\Desktop\sih\Celeb-DF\YouTube-real\00114.mp4,1
C:\Users\Sandhya\Desktop\sih\Celeb-DF\YouTube-real\00115.mp4,1
C:\Users\Sandhya\Desktop\sih\Celeb-DF\YouTube-real\00116.mp4,1
C:\Users\Sandhya\Desktop\sih\Celeb-DF\YouTube-real\00117.mp4,1
C:\Users\Sandhya\Desktop\sih\Celeb-DF\YouTube-real\00118.mp4,1
C:\Users\Sandhya\Desktop\sih\Celeb-DF\YouTube-real\00119.mp4,1
C:\Users\Sandhya\Desktop\sih\Celeb-DF\YouTube-real\00120.mp4,1
C:\Users\Sandhya\Desktop\sih\Celeb-DF\YouTube-real\00121.mp4,1
C:\Users\Sandhya\Desktop\sih\Celeb-DF\YouTube-real\00122.mp4,1
C:\Users\Sandhya\Desktop\sih\Celeb-DF\YouTube-real\00123.mp4,1
C:\Users\Sandhya\Desktop\sih\Celeb-DF\YouTube-real\00124.mp4,1
C:\Users\Sandhya\Desktop\sih\Celeb-DF\YouTube-real\00125.mp4,1
C:\Users\Sandhya\Desktop\sih\Celeb-DF\YouTube-real\00126.mp4,1
C:\Users\Sandhya\Desktop\sih\Celeb-DF\YouTube-real\00127.mp4,1
C:\Users\Sandhya\Desktop\sih\Celeb-DF\YouTube-real\00128.mp4,1
C:\Users\Sandhya\Desktop\sih\Celeb-DF\YouTube-real\00129.mp4,1
C:\Users\Sandhya\Desktop\sih\Celeb-DF\YouTube-real\00130.mp4,1
C:\Users\Sandhya\Desktop\sih\Celeb-DF\YouTube-real\00131.mp4,1
C:\Users\Sandhya\Desktop\sih\Celeb-DF\YouTube-real\00132.mp4,1
C:\Users\Sandhya\Desktop\sih\Celeb-DF\YouTube-real\00133.mp4,1
C:\Users\Sandhya\Desktop\sih\Celeb-DF\YouTube-real\00134.mp4,1
C:\Users\Sandhya\Desktop\sih\Celeb-DF\YouTube-real\00135.mp4,1
C:\Users\Sandhya\Desktop\sih\Celeb-DF\YouTube-real\00136.mp4,1
C:\Users\Sandhya\Desktop\sih\Celeb-DF\YouTube-real\00137.mp4,1
C:\Users\Sandhya\Desktop\sih\Celeb-DF\YouTube-real\00138.mp4,1
C:\Users\Sandhya\Desktop\sih\Celeb-DF\YouTube-real\00139.mp4,1
C:\Users\Sandhya\Desktop\sih\Celeb-DF\YouTube-real\00140.mp4,1
C:\Users\Sandhya\Desktop\sih\Celeb-DF\YouTube-real\00141.mp4,1
C:\Users\Sandhya\Desktop\sih\Celeb-DF\YouTube-real\00142.mp4,1
C:\Users\Sandhya\Desktop\sih\Celeb-DF\YouTube-real\00143.mp4,1
C:\Users\Sandhya\Desktop\sih\Celeb-DF\YouTube-real\00144.mp4,1
C:\Users\Sandhya\Desktop\sih\Celeb-DF\YouTube-real\00145.mp4,1
C:\Users\Sandhya\Desktop\sih\Celeb-DF\YouTube-real\00146.mp4,1
C:\Users\Sandhya\Desktop\sih\Celeb-DF\YouTube-real\00147.mp4,1
C:\Users\Sandhya\Desktop\sih\Celeb-DF\YouTube-real\00148.mp4,1
C:\Users\Sandhya\Desktop\sih\Celeb-DF\YouTube-real\00149.mp4,1
C:\Users\Sandhya\Desktop\sih\Celeb-DF\YouTube-real\00150.mp4,1
C:\Users\Sandhya\Desktop\sih\Celeb-DF\YouTube-real\00151.mp4,1
C:\Users\Sandhya\Desktop\sih\Celeb-DF\YouTube-real\00152.mp4,1
C:\Users\Sandhya\Desktop\sih\Celeb-DF\YouTube-real\00153.mp4,1
C:\Users\Sandhya\Desktop\sih\Celeb-DF\YouTube-real\00154.mp4,1
C:\Users\Sandhya\Desktop\sih\Celeb-DF\YouTube-real\00155.mp4,1
C:\Users\Sandhya\Desktop\sih\Celeb-DF\YouTube-real\00156.mp4,1
C:\Users\Sandhya\Desktop\sih\Celeb-DF\YouTube-real\00157.mp4,1
C:\Users\Sandhya\Desktop\sih\Celeb-DF\YouTube-real\00158.mp4,1
C:\Users\Sandhya\Desktop\sih\Celeb-DF\YouTube-real\00159.mp4,1
C:\Users\Sandhya\Desktop\sih\Celeb-DF\YouTube-real\00160.mp4,1
C:\Users\Sandhya\Desktop\sih\Celeb-DF\YouTube-real\00161.mp4,1
C:\Users\Sandhya\Desktop\sih\Celeb-DF\YouTube-real\00162.mp4,1
C:\Users\Sandhya\Desktop\sih\Celeb-DF\YouTube-real\00163.mp4,1
C:\Users\Sandhya\Desktop\sih\Celeb-DF\YouTube-real\00164.mp4,1
C:\Users\Sandhya\Desktop\sih\Celeb-DF\YouTube-real\00165.mp4,1
C:\Users\Sandhya\Desktop\sih\Celeb-DF\YouTube-real\00166.mp4,1
C:\Users\Sandhya\Desktop\sih\Celeb-DF\YouTube-real\00167.mp4,1
C:\Users\Sandhya\Desktop\sih\Celeb-DF\YouTube-real\00168.mp4,1
C:\Users\Sandhya\Desktop\sih\Celeb-DF\YouTube-real\00169.mp4,1
C:\Users\Sandhya\Desktop\sih\Celeb-DF\YouTube-real\00170.mp4,1
C:\Users\Sandhya\Desktop\sih\Celeb-DF\YouTube-real\00171.mp4,1
C:\Users\Sandhya\Desktop\sih\Celeb-DF\YouTube-real\00172.mp4,1
C:\Users\Sandhya\Desktop\sih\Celeb-DF\YouTube-real\00173.mp4,1
C:\Users\Sandhya\Desktop\sih\Celeb-DF\YouTube-real\00174.mp4,1
C:\Users\Sandhya\Desktop\sih\Celeb-DF\YouTube-real\00175.mp4,1
C:\Users\Sandhya\Desktop\sih\Celeb-DF\YouTube-real\00176.mp4,1
C:\Users\Sandhya\Desktop\sih\Celeb-DF\YouTube-real\00177.mp4,1
C:\Users\Sandhya\Desktop\sih\Celeb-DF\YouTube-real\00178.mp4,1
C:\Users\Sandhya\Desktop\sih\Celeb-DF\YouTube-real\00179.mp4,1
C:\Users\Sandhya\Desktop\sih\Celeb-DF\YouTube-real\00180.mp4,1
C:\Users\Sandhya\Desktop\sih\Celeb-DF\YouTube-real\00181.mp4,1
C:\Users\Sandhya\Desktop\sih\Celeb-DF\YouTube-real\00182.mp4,1
C:\Users\Sandhya\Desktop\sih\Celeb-DF\YouTube-real\00183.mp4,1
C:\Users\Sandhya\Desktop\sih\Celeb-DF\YouTube-real\00184.mp4,1
C:\Users\Sandhya\Desktop\sih\Celeb-DF\YouTube-real\00185.mp4,1
C:\Users\Sandhya\Desktop\sih\Celeb-DF\YouTube-real\00186.mp4,1
C:\Users\Sandhya\Desktop\sih\Celeb-DF\YouTube-real\00187.mp4,1
C:\Users\Sandhya\Desktop\sih\Celeb-DF\YouTube-real\00188.mp4,1
C:\Users\Sandhya\Desktop\sih\Celeb-DF\YouTube-real\00189.mp4,1
C:\Users\Sandhya\Desktop\sih\Celeb-DF\YouTube-real\00190.mp4,1
C:\Users\Sandhya\Desktop\sih\Celeb-DF\YouTube-real\00191.mp4,1
C:\Users\Sandhya\Desktop\sih\Celeb-DF\YouTube-real\00192.mp4,1
C:\Users\Sandhya\Desktop\sih\Celeb-DF\YouTube-real\00193.mp4,1
C:\Users\Sandhya\Desktop\sih\Celeb-DF\YouTube-real\00194.mp4,1
C:\Users\Sandhya\Desktop\sih\Celeb-DF\YouTube-real\00195.mp4,1
C:\Users\Sandhya\Desktop\sih\Celeb-DF\YouTube-real\00196.mp4,1
C:\Users\Sandhya\Desktop\sih\Celeb-DF\YouTube-real\00197.mp4,1
C:\Users\Sandhya\Desktop\sih\Celeb-DF\YouTube-real\00198.mp4,1
C:\Users\Sandhya\Desktop\sih\Celeb-DF\YouTube-real\00199.mp4,1
C:\Users\Sandhya\Desktop\sih\Celeb-DF\YouTube-real\00200.mp4,1
C:\Users\Sandhya\Desktop\sih\Celeb-DF\YouTube-real\00201.mp4,1
C:\Users\Sandhya\Desktop\sih\Celeb-DF\YouTube-real\00202.mp4,1
C:\Users\Sandhya\Desktop\sih\Celeb-DF\YouTube-real\00203.mp4,1
C:\Users\Sandhya\Desktop\sih\Celeb-DF\YouTube-real\00204.mp4,1
C:\Users\Sandhya\Desktop\sih\Celeb-DF\YouTube-real\00205.mp4,1
C:\Users\Sandhya\Desktop\sih\Celeb-DF\YouTube-real\00206.mp4,1
C:\Users\Sandhya\Desktop\sih\Celeb-DF\YouTube-real\00207.mp4,1
C:\Users\Sandhya\Desktop\sih\Celeb-DF\YouTube-real\00208.mp4,1
C:\Users\Sandhya\Desktop\sih\Celeb-DF\YouTube-real\00209.mp4,1
C:\Users\Sandhya\Desktop\sih\Celeb-DF\YouTube-real\00210.mp4,1
C:\Users\Sandhya\Desktop\sih\Celeb-DF\YouTube-real\00211.mp4,1
C:\Users\Sandhya\Desktop\sih\Celeb-DF\YouTube-real\00212.mp4,1
C:\Users\Sandhya\Desktop\sih\Celeb-DF\YouTube-real\00213.mp4,1
C:\Users\Sandhya\Desktop\sih\Celeb-DF\YouTube-real\00214.mp4,1
C:\Users\Sandhya\Desktop\sih\Celeb-DF\YouTube-real\00215.mp4,1
C:\Users\Sandhya\Desktop\sih\Celeb-DF\YouTube-real\00216.mp4,1
C:\Users\Sandhya\Desktop\sih\Celeb-DF\YouTube-real\00217.mp4,1
C:\Users\Sandhya\Desktop\sih\Celeb-DF\YouTube-real\00218.mp4,1
C:\Users\Sandhya\Desktop\sih\Celeb-DF\YouTube-real\00219.mp4,1
C:\Users\Sandhya\Desktop\sih\Celeb-DF\YouTube-real\00220.mp4,1
C:\Users\Sandhya\Desktop\sih\Celeb-DF\YouTube-real\00221.mp4,1
C:\Users\Sandhya\Desktop\sih\Celeb-DF\YouTube-real\00222.mp4,1
C:\Users\Sandhya\Desktop\sih\Celeb-DF\YouTube-real\00223.mp4,1
C:\Users\Sandhya\Desktop\sih\Celeb-DF\YouTube-real\00224.mp4,1
C:\Users\Sandhya\Desktop\sih\Celeb-DF\YouTube-real\00225.mp4,1
C:\Users\Sandhya\Desktop\sih\Celeb-DF\YouTube-real\00226.mp4,1
C:\Users\Sandhya\Desktop\sih\Celeb-DF\YouTube-real\00227.mp4,1
C:\Users\Sandhya\Desktop\sih\Celeb-DF\YouTube-real\00228.mp4,1
C:\Users\Sandhya\Desktop\sih\Celeb-DF\YouTube-real\00229.mp4,1
C:\Users\Sandhya\Desktop\sih\Celeb-DF\YouTube-real\00230.mp4,1
C:\Users\Sandhya\Desktop\sih\Celeb-DF\YouTube-real\00231.mp4,1
C:\Users\Sandhya\Desktop\sih\Celeb-DF\YouTube-real\00232.mp4,1
C:\Users\Sandhya\Desktop\sih\Celeb-DF\YouTube-real\00233.mp4,1
C:\Users\Sandhya\Desktop\sih\Celeb-DF\YouTube-real\00234.mp4,1
C:\Users\Sandhya\Desktop\sih\Celeb-DF\YouTube-real\00235.mp4,1
C:\Users\Sandhya\Desktop\sih\Celeb-DF\YouTube-real\00236.mp4,1
C:\Users\Sandhya\Desktop\sih\Celeb-DF\YouTube-real\00237.mp4,1
C:\Users\Sandhya\Desktop\sih\Celeb-DF\YouTube-real\00238.mp4,1
C:\Users\Sandhya\Desktop\sih\Celeb-DF\YouTube-real\00239.mp4,1
C:\Users\Sandhya\Desktop\sih\Celeb-DF\YouTube-real\00240.mp4,1
C:\Users\Sandhya\Desktop\sih\Celeb-DF\YouTube-real\00241.mp4,1
C:\Users\Sandhya\Desktop\sih\Celeb-DF\YouTube-real\00242.mp4,1
C:\Users\Sandhya\Desktop\sih\Celeb-DF\YouTube-real\00243.mp4,1
C:\Users\Sandhya\Desktop\sih\Celeb-DF\YouTube-real\00244.mp4,1
C:\Users\Sandhya\Desktop\sih\Celeb-DF\YouTube-real\00245.mp4,1
C:\Users\Sandhya\Desktop\sih\Celeb-DF\YouTube-real\00246.mp4,1
C:\Users\Sandhya\Desktop\sih\Celeb-DF\YouTube-real\00247.mp4,1
C:\Users\Sandhya\Desktop\sih\Celeb-DF\YouTube-real\00248.mp4,1
C:\Users\Sandhya\Desktop\sih\Celeb-DF\YouTube-real\00249.mp4,1
C:\Users\Sandhya\Desktop\sih\Celeb-DF\Celeb-real\id0_0000.mp4,1
C:\Users\Sandhya\Desktop\sih\Celeb-DF\Celeb-real\id0_0001.mp4,1
C:\Users\Sandhya\Desktop\sih\Celeb-DF\Celeb-real\id0_0002.mp4,1
C:\Users\Sandhya\Desktop\sih\Celeb-DF\Celeb-real\id0_0003.mp4,1
C:\Users\Sandhya\Desktop\sih\Celeb-DF\Celeb-real\id0_0004.mp4,1
C:\Users\Sandhya\Desktop\sih\Celeb-DF\Celeb-real\id0_0005.mp4,1
C:\Users\Sandhya\Desktop\sih\Celeb-DF\Celeb-real\id0_0006.mp4,1
C:\Users\Sandhya\Desktop\sih\Celeb-DF\Celeb-real\id0_0007.mp4,1
C:\Users\Sandhya\Desktop\sih\Celeb-DF\Celeb-real\id0_0008.mp4,1
C:\Users\Sandhya\Desktop\sih\Celeb-DF\Celeb-real\id0_0009.mp4,1
C:\Users\Sandhya\Desktop\sih\Celeb-DF\Celeb-real\id10_0000.mp4,1
C:\Users\Sandhya\Desktop\sih\Celeb-DF\Celeb-real\id10_0001.mp4,1
C:\Users\Sandhya\Desktop\sih\Celeb-DF\Celeb-real\id10_0002.mp4,1
C:\Users\Sandhya\Desktop\sih\Celeb-DF\Celeb-real\id10_0003.mp4,1
C:\Users\Sandhya\Desktop\sih\Celeb-DF\Celeb-real\id10_0004.mp4,1
C:\Users\Sandhya\Desktop\sih\Celeb-DF\Celeb-real\id10_0005.mp4,1
C:\Users\Sandhya\Desktop\sih\Celeb-DF\Celeb-real\id10_0006.mp4,1
C:\Users\Sandhya\Desktop\sih\Celeb-DF\Celeb-real\id10_0007.mp4,1
C:\Users\Sandhya\Desktop\sih\Celeb-DF\Celeb-real\id10_0008.mp4,1
C:\Users\Sandhya\Desktop\sih\Celeb-DF\Celeb-real\id10_0009.mp4,1
C:\Users\Sandhya\Desktop\sih\Celeb-DF\Celeb-real\id11_0000.mp4,1
C:\Users\Sandhya\Desktop\sih\Celeb-DF\Celeb-real\id11_0001.mp4,1
C:\Users\Sandhya\Desktop\sih\Celeb-DF\Celeb-real\id11_0002.mp4,1
C:\Users\Sandhya\Desktop\sih\Celeb-DF\Celeb-real\id11_0003.mp4,1
C:\Users\Sandhya\Desktop\sih\Celeb-DF\Celeb-real\id11_0004.mp4,1
C:\Users\Sandhya\Desktop\sih\Celeb-DF\Celeb-real\id11_0005.mp4,1
C:\Users\Sandhya\Desktop\sih\Celeb-DF\Celeb-real\id11_0006.mp4,1
C:\Users\Sandhya\Desktop\sih\Celeb-DF\Celeb-real\id11_0007.mp4,1
C:\Users\Sandhya\Desktop\sih\Celeb-DF\Celeb-real\id11_0008.mp4,1
C:\Users\Sandhya\Desktop\sih\Celeb-DF\Celeb-real\id11_0009.mp4,1
C:\Users\Sandhya\Desktop\sih\Celeb-DF\Celeb-real\id11_0010.mp4,1
C:\Users\Sandhya\Desktop\sih\Celeb-DF\Celeb-real\id12_0000.mp4,1
C:\Users\Sandhya\Desktop\sih\Celeb-DF\Celeb-real\id12_0001.mp4,1
C:\Users\Sandhya\Desktop\sih\Celeb-DF\Celeb-real\id12_0002.mp4,1
C:\Users\Sandhya\Desktop\sih\Celeb-DF\Celeb-real\id12_0003.mp4,1
C:\Users\Sandhya\Desktop\sih\Celeb-DF\Celeb-real\id12_0004.mp4,1
C:\Users\Sandhya\Desktop\sih\Celeb-DF\Celeb-real\id12_0005.mp4,1
C:\Users\Sandhya\Desktop\sih\Celeb-DF\Celeb-real\id12_0006.mp4,1
C:\Users\Sandhya\Desktop\sih\Celeb-DF\Celeb-real\id13_0000.mp4,1
C:\Users\Sandhya\Desktop\sih\Celeb-DF\Celeb-real\id13_0001.mp4,1
C:\Users\Sandhya\Desktop\sih\Celeb-DF\Celeb-real\id13_0002.mp4,1
C:\Users\Sandhya\Desktop\sih\Celeb-DF\Celeb-real\id13_0003.mp4,1
C:\Users\Sandhya\Desktop\sih\Celeb-DF\Celeb-real\id13_0004.mp4,1
C:\Users\Sandhya\Desktop\sih\Celeb-DF\Celeb-real\id13_0005.mp4,1
C:\Users\Sandhya\Desktop\sih\Celeb-DF\Celeb-real\id13_0006.mp4,1
C:\Users\Sandhya\Desktop\sih\Celeb-DF\Celeb-real\id13_0007.mp4,1
C:\Users\Sandhya\Desktop\sih\Celeb-DF\Celeb-real\id13_0008.mp4,1
C:\Users\Sandhya\Desktop\sih\Celeb-DF\Celeb-real\id13_0009.mp4,1
C:\Users\Sandhya\Desktop\sih\Celeb-DF\Celeb-real\id13_0010.mp4,1
C:\Users\Sandhya\Desktop\sih\Celeb-DF\Celeb-real\id13_0011.mp4,1
C:\Users\Sandhya\Desktop\sih\Celeb-DF\Celeb-real\id13_0012.mp4,1
C:\Users\Sandhya\Desktop\sih\Celeb-DF\Celeb-real\id13_0013.mp4,1
C:\Users\Sandhya\Desktop\sih\Celeb-DF\Celeb-real\id13_0014.mp4,1
C:\Users\Sandhya\Desktop\sih\Celeb-DF\Celeb-real\id13_0015.mp4,1
C:\Users\Sandhya\Desktop\sih\Celeb-DF\Celeb-real\id16_0000.mp4,1
C:\Users\Sandhya\Desktop\sih\Celeb-DF\Celeb-real\id16_0001.mp4,1
C:\Users\Sandhya\Desktop\sih\Celeb-DF\Celeb-real\id16_0002.mp4,1
C:\Users\Sandhya\Desktop\sih\Celeb-DF\Celeb-real\id16_0003.mp4,1
C:\Users\Sandhya\Desktop\sih\Celeb-DF\Celeb-real\id16_0004.mp4,1
C:\Users\Sandhya\Desktop\sih\Celeb-DF\Celeb-real\id16_0005.mp4,1
C:\Users\Sandhya\Desktop\sih\Celeb-DF\Celeb-real\id16_0006.mp4,1
C:\Users\Sandhya\Desktop\sih\Celeb-DF\Celeb-real\id16_0007.mp4,1
C:\Users\Sandhya\Desktop\sih\Celeb-DF\Celeb-real\id16_0008.mp4,1
C:\Users\Sandhya\Desktop\sih\Celeb-DF\Celeb-real\id16_0009.mp4,1
C:\Users\Sandhya\Desktop\sih\Celeb-DF\Celeb-real\id16_0010.mp4,1
C:\Users\Sandhya\Desktop\sih\Celeb-DF\Celeb-real\id16_0011.mp4,1
C:\Users\Sandhya\Desktop\sih\Celeb-DF\Celeb-real\id16_0012.mp4,1
C:\Users\Sandhya\Desktop\sih\Celeb-DF\Celeb-real\id16_0013.mp4,1
C:\Users\Sandhya\Desktop\sih\Celeb-DF\Celeb-real\id17_0000.mp4,1
C:\Users\Sandhya\Desktop\sih\Celeb-DF\Celeb-real\id17_0001.mp4,1
C:\Users\Sandhya\Desktop\sih\Celeb-DF\Celeb-real\id17_0002.mp4,1
C:\Users\Sandhya\Desktop\sih\Celeb-DF\Celeb-real\id17_0003.mp4,1
C:\Users\Sandhya\Desktop\sih\Celeb-DF\Celeb-real\id17_0004.mp4,1
C:\Users\Sandhya\Desktop\sih\Celeb-DF\Celeb-real\id17_0005.mp4,1
C:\Users\Sandhya\Desktop\sih\Celeb-DF\Celeb-real\id17_0006.mp4,1
C:\Users\Sandhya\Desktop\sih\Celeb-DF\Celeb-real\id17_0007.mp4,1
C:\Users\Sandhya\Desktop\sih\Celeb-DF\Celeb-real\id17_0008.mp4,1
C:\Users\Sandhya\Desktop\sih\Celeb-DF\Celeb-real\id17_0009.mp4,1
C:\Users\Sandhya\Desktop\sih\Celeb-DF\Celeb-real\id1_0000.mp4,1
C:\Users\Sandhya\Desktop\sih\Celeb-DF\Celeb-real\id1_0001.mp4,1
C:\Users\Sandhya\Desktop\sih\Celeb-DF\Celeb-real\id1_0002.mp4,1
C:\Users\Sandhya\Desktop\sih\Celeb-DF\Celeb-real\id1_0003.mp4,1
C:\Users\Sandhya\Desktop\sih\Celeb-DF\Celeb-real\id1_0004.mp4,1
C:\Users\Sandhya\Desktop\sih\Celeb-DF\Celeb-real\id1_0005.mp4,1
C:\Users\Sandhya\Desktop\sih\Celeb-DF\Celeb-real\id1_0006.mp4,1
C:\Users\Sandhya\Desktop\sih\Celeb-DF\Celeb-real\id1_0007.mp4,1
C:\Users\Sandhya\Desktop\sih\Celeb-DF\Celeb-real\id1_0008.mp4,1
C:\Users\Sandhya\Desktop\sih\Celeb-DF\Celeb-real\id1_0009.mp4,1
C:\Users\Sandhya\Desktop\sih\Celeb-DF\Celeb-real\id2_0000.mp4,1
C:\Users\Sandhya\Desktop\sih\Celeb-DF\Celeb-real\id2_0001.mp4,1
C:\Users\Sandhya\Desktop\sih\Celeb-DF\Celeb-real\id2_0002.mp4,1
C:\Users\Sandhya\Desktop\sih\Celeb-DF\Celeb-real\id2_0003.mp4,1
C:\Users\Sandhya\Desktop\sih\Celeb-DF\Celeb-real\id2_0004.mp4,1
C:\Users\Sandhya\Desktop\sih\Celeb-DF\Celeb-real\id2_0005.mp4,1
C:\Users\Sandhya\Desktop\sih\Celeb-DF\Celeb-real\id2_0006.mp4,1
C:\Users\Sandhya\Desktop\sih\Celeb-DF\Celeb-real\id2_0007.mp4,1
C:\Users\Sandhya\Desktop\sih\Celeb-DF\Celeb-real\id2_0008.mp4,1
C:\Users\Sandhya\Desktop\sih\Celeb-DF\Celeb-real\id2_0009.mp4,1
C:\Users\Sandhya\Desktop\sih\Celeb-DF\Celeb-real\id3_0000.mp4,1
C:\Users\Sandhya\Desktop\sih\Celeb-DF\Celeb-real\id3_0001.mp4,1
C:\Users\Sandhya\Desktop\sih\Celeb-DF\Celeb-real\id3_0002.mp4,1
C:\Users\Sandhya\Desktop\sih\Celeb-DF\Celeb-real\id3_0003.mp4,1
C:\Users\Sandhya\Desktop\sih\Celeb-DF\Celeb-real\id3_0004.mp4,1
C:\Users\Sandhya\Desktop\sih\Celeb-DF\Celeb-real\id3_0005.mp4,1
C:\Users\Sandhya\Desktop\sih\Celeb-DF\Celeb-real\id3_0006.mp4,1
C:\Users\Sandhya\Desktop\sih\Celeb-DF\Celeb-real\id3_0007.mp4,1
C:\Users\Sandhya\Desktop\sih\Celeb-DF\Celeb-real\id3_0008.mp4,1
C:\Users\Sandhya\Desktop\sih\Celeb-DF\Celeb-real\id3_0009.mp4,1
C:\Users\Sandhya\Desktop\sih\Celeb-DF\Celeb-real\id4_0000.mp4,1
C:\Users\Sandhya\Desktop\sih\Celeb-DF\Celeb-real\id4_0001.mp4,1
C:\Users\Sandhya\Desktop\sih\Celeb-DF\Celeb-real\id4_0002.mp4,1
C:\Users\Sandhya\Desktop\sih\Celeb-DF\Celeb-real\id4_0003.mp4,1
C:\Users\Sandhya\Desktop\sih\Celeb-DF\Celeb-real\id4_0004.mp4,1
C:\Users\Sandhya\Desktop\sih\Celeb-DF\Celeb-real\id4_0005.mp4,1
C:\Users\Sandhya\Desktop\sih\Celeb-DF\Celeb-real\id4_0006.mp4,1
C:\Users\Sandhya\Desktop\sih\Celeb-DF\Celeb-real\id4_0007.mp4,1
C:\Users\Sandhya\Desktop\sih\Celeb-DF\Celeb-real\id4_0008.mp4,1
C:\Users\Sandhya\Desktop\sih\Celeb-DF\Celeb-real\id4_0009.mp4,1
C:\Users\Sandhya\Desktop\sih\Celeb-DF\Celeb-real\id6_0000.mp4,1
C:\Users\Sandhya\Desktop\sih\Celeb-DF\Celeb-real\id6_0001.mp4,1
C:\Users\Sandhya\Desktop\sih\Celeb-DF\Celeb-real\id6_0002.mp4,1
C:\Users\Sandhya\Desktop\sih\Celeb-DF\Celeb-real\id6_0003.mp4,1
C:\Users\Sandhya\Desktop\sih\Celeb-DF\Celeb-real\id6_0004.mp4,1
C:\Users\Sandhya\Desktop\sih\Celeb-DF\Celeb-real\id6_0005.mp4,1
C:\Users\Sandhya\Desktop\sih\Celeb-DF\Celeb-real\id6_0006.mp4,1
C:\Users\Sandhya\Desktop\sih\Celeb-DF\Celeb-real\id6_0007.mp4,1
C:\Users\Sandhya\Desktop\sih\Celeb-DF\Celeb-real\id6_0008.mp4,1
C:\Users\Sandhya\Desktop\sih\Celeb-DF\Celeb-real\id6_0009.mp4,1
C:\Users\Sandhya\Desktop\sih\Celeb-DF\Celeb-real\id7_0000.mp4,1
C:\Users\Sandhya\Desktop\sih\Celeb-DF\Celeb-real\id7_0001.mp4,1
C:\Users\Sandhya\Desktop\sih\Celeb-DF\Celeb-real\id7_0002.mp4,1
C:\Users\Sandhya\Desktop\sih\Celeb-DF\Celeb-real\id7_0003.mp4,1
C:\Users\Sandhya\Desktop\sih\Celeb-DF\Celeb-real\id7_0004.mp4,1
C:\Users\Sandhya\Desktop\sih\Celeb-DF\Celeb-real\id7_0005.mp4,1
C:\Users\Sandhya\Desktop\sih\Celeb-DF\Celeb-real\id7_0006.mp4,1
C:\Users\Sandhya\Desktop\sih\Celeb-DF\Celeb-real\id7_0007.mp4,1
C:\Users\Sandhya\Desktop\sih\Celeb-DF\Celeb-real\id7_0008.mp4,1
C:\Users\Sandhya\Desktop\sih\Celeb-DF\Celeb-real\id7_0009.mp4,1
C:\Users\Sandhya\Desktop\sih\Celeb-DF\Celeb-real\id8_0000.mp4,1
C:\Users\Sandhya\Desktop\sih\Celeb-DF\Celeb-real\id8_0001.mp4,1
C:\Users\Sandhya\Desktop\sih\Celeb-DF\Celeb-real\id8_0002.mp4,1
C:\Users\Sandhya\Desktop\sih\Celeb-DF\Celeb-real\id8_0003.mp4,1
C:\Users\Sandhya\Desktop\sih\Celeb-DF\Celeb-real\id8_0004.mp4,1
C:\Users\Sandhya\Desktop\sih\Celeb-DF\Celeb-real\id8_0005.mp4,1
C:\Users\Sandhya\Desktop\sih\Celeb-DF\Celeb-real\id8_0006.mp4,1
C:\Users\Sandhya\Desktop\sih\Celeb-DF\Celeb-real\id8_0007.mp4,1
C:\Users\Sandhya\Desktop\sih\Celeb-DF\Celeb-real\id8_0008.mp4,1
C:\Users\Sandhya\Desktop\sih\Celeb-DF\Celeb-real\id8_0009.mp4,1
C:\Users\Sandhya\Desktop\sih\Celeb-DF\Celeb-real\id9_0000.mp4,1
C:\Users\Sandhya\Desktop\sih\Celeb-DF\Celeb-real\id9_0001.mp4,1
C:\Users\Sandhya\Desktop\sih\Celeb-DF\Celeb-real\id9_0002.mp4,1
C:\Users\Sandhya\Desktop\sih\Celeb-DF\Celeb-real\id9_0003.mp4,1
C:\Users\Sandhya\Desktop\sih\Celeb-DF\Celeb-real\id9_0004.mp4,1
C:\Users\Sandhya\Desktop\sih\Celeb-DF\Celeb-real\id9_0005.mp4,1
C:\Users\Sandhya\Desktop\sih\Celeb-DF\Celeb-real\id9_0006.mp4,1
C:\Users\Sandhya\Desktop\sih\Celeb-DF\Celeb-real\id9_0007.mp4,1
C:\Users\Sandhya\Desktop\sih\Celeb-DF\Celeb-real\id9_0008.mp4,1
C:\Users\Sandhya\Desktop\sih\Celeb-DF\Celeb-real\id9_0009.mp4,1
C:\Users\Sandhya\Desktop\sih\Celeb-DF\Celeb-synthesis\id0_id16_0000.mp4,0
C:\Users\Sandhya\Desktop\sih\Celeb-DF\Celeb-synthesis\id0_id16_0001.mp4,0
C:\Users\Sandhya\Desktop\sih\Celeb-DF\Celeb-synthesis\id0_id16_0002.mp4,0
C:\Users\Sandhya\Desktop\sih\Celeb-DF\Celeb-synthesis\id0_id16_0003.mp4,0
C:\Users\Sandhya\Desktop\sih\Celeb-DF\Celeb-synthesis\id0_id16_0004.mp4,0
C:\Users\Sandhya\Desktop\sih\Celeb-DF\Celeb-synthesis\id0_id16_0005.mp4,0
C:\Users\Sandhya\Desktop\sih\Celeb-DF\Celeb-synthesis\id0_id16_0006.mp4,0
C:\Users\Sandhya\Desktop\sih\Celeb-DF\Celeb-synthesis\id0_id16_0007.mp4,0
C:\Users\Sandhya\Desktop\sih\Celeb-DF\Celeb-synthesis\id0_id16_0008.mp4,0
C:\Users\Sandhya\Desktop\sih\Celeb-DF\Celeb-synthesis\id0_id16_0009.mp4,0
C:\Users\Sandhya\Desktop\sih\Celeb-DF\Celeb-synthesis\id0_id17_0000.mp4,0
C:\Users\Sandhya\Desktop\sih\Celeb-DF\Celeb-synthesis\id0_id17_0001.mp4,0
C:\Users\Sandhya\Desktop\sih\Celeb-DF\Celeb-synthesis\id0_id17_0002.mp4,0
C:\Users\Sandhya\Desktop\sih\Celeb-DF\Celeb-synthesis\id0_id17_0003.mp4,0
C:\Users\Sandhya\Desktop\sih\Celeb-DF\Celeb-synthesis\id0_id17_0005.mp4,0
C:\Users\Sandhya\Desktop\sih\Celeb-DF\Celeb-synthesis\id0_id17_0006.mp4,0
C:\Users\Sandhya\Desktop\sih\Celeb-DF\Celeb-synthesis\id0_id17_0007.mp4,0
C:\Users\Sandhya\Desktop\sih\Celeb-DF\Celeb-synthesis\id0_id17_0009.mp4,0
C:\Users\Sandhya\Desktop\sih\Celeb-DF\Celeb-synthesis\id0_id1_0000.mp4,0
C:\Users\Sandhya\Desktop\sih\Celeb-DF\Celeb-synthesis\id0_id1_0001.mp4,0
C:\Users\Sandhya\Desktop\sih\Celeb-DF\Celeb-synthesis\id0_id1_0002.mp4,0
C:\Users\Sandhya\Desktop\sih\Celeb-DF\Celeb-synthesis\id0_id1_0003.mp4,0
C:\Users\Sandhya\Desktop\sih\Celeb-DF\Celeb-synthesis\id0_id1_0005.mp4,0
C:\Users\Sandhya\Desktop\sih\Celeb-DF\Celeb-synthesis\id0_id1_0006.mp4,0
C:\Users\Sandhya\Desktop\sih\Celeb-DF\Celeb-synthesis\id0_id1_0007.mp4,0
C:\Users\Sandhya\Desktop\sih\Celeb-DF\Celeb-synthesis\id0_id1_0009.mp4,0
C:\Users\Sandhya\Desktop\sih\Celeb-DF\Celeb-synthesis\id0_id2_0000.mp4,0
C:\Users\Sandhya\Desktop\sih\Celeb-DF\Celeb-synthesis\id0_id2_0001.mp4,0
C:\Users\Sandhya\Desktop\sih\Celeb-DF\Celeb-synthesis\id0_id2_0002.mp4,0
C:\Users\Sandhya\Desktop\sih\Celeb-DF\Celeb-synthesis\id0_id2_0003.mp4,0
C:\Users\Sandhya\Desktop\sih\Celeb-DF\Celeb-synthesis\id0_id2_0004.mp4,0
C:\Users\Sandhya\Desktop\sih\Celeb-DF\Celeb-synthesis\id0_id2_0005.mp4,0
C:\Users\Sandhya\Desktop\sih\Celeb-DF\Celeb-synthesis\id0_id2_0006.mp4,0
C:\Users\Sandhya\Desktop\sih\Celeb-DF\Celeb-synthesis\id0_id2_0007.mp4,0
C:\Users\Sandhya\Desktop\sih\Celeb-DF\Celeb-synthesis\id0_id2_0008.mp4,0
C:\Users\Sandhya\Desktop\sih\Celeb-DF\Celeb-synthesis\id0_id2_0009.mp4,0
C:\Users\Sandhya\Desktop\sih\Celeb-DF\Celeb-synthesis\id0_id3_0000.mp4,0
C:\Users\Sandhya\Desktop\sih\Celeb-DF\Celeb-synthesis\id0_id3_0001.mp4,0
C:\Users\Sandhya\Desktop\sih\Celeb-DF\Celeb-synthesis\id0_id3_0002.mp4,0
C:\Users\Sandhya\Desktop\sih\Celeb-DF\Celeb-synthesis\id0_id3_0003.mp4,0
C:\Users\Sandhya\Desktop\sih\Celeb-DF\Celeb-synthesis\id0_id3_0004.mp4,0
C:\Users\Sandhya\Desktop\sih\Celeb-DF\Celeb-synthesis\id0_id3_0005.mp4,0
C:\Users\Sandhya\Desktop\sih\Celeb-DF\Celeb-synthesis\id0_id3_0006.mp4,0
C:\Users\Sandhya\Desktop\sih\Celeb-DF\Celeb-synthesis\id0_id3_0007.mp4,0
C:\Users\Sandhya\Desktop\sih\Celeb-DF\Celeb-synthesis\id0_id3_0008.mp4,0
C:\Users\Sandhya\Desktop\sih\Celeb-DF\Celeb-synthesis\id0_id3_0009.mp4,0
C:\Users\Sandhya\Desktop\sih\Celeb-DF\Celeb-synthesis\id0_id4_0000.mp4,0
C:\Users\Sandhya\Desktop\sih\Celeb-DF\Celeb-synthesis\id0_id4_0001.mp4,0
C:\Users\Sandhya\Desktop\sih\Celeb-DF\Celeb-synthesis\id0_id4_0002.mp4,0
C:\Users\Sandhya\Desktop\sih\Celeb-DF\Celeb-synthesis\id0_id4_0003.mp4,0
C:\Users\Sandhya\Desktop\sih\Celeb-DF\Celeb-synthesis\id0_id4_0004.mp4,0
C:\Users\Sandhya\Desktop\sih\Celeb-DF\Celeb-synthesis\id0_id4_0005.mp4,0
C:\Users\Sandhya\Desktop\sih\Celeb-DF\Celeb-synthesis\id0_id4_0006.mp4,0
C:\Users\Sandhya\Desktop\sih\Celeb-DF\Celeb-synthesis\id0_id4_0009.mp4,0
C:\Users\Sandhya\Desktop\sih\Celeb-DF\Celeb-synthesis\id0_id6_0000.mp4,0
C:\Users\Sandhya\Desktop\sih\Celeb-DF\Celeb-synthesis\id0_id6_0001.mp4,0
C:\Users\Sandhya\Desktop\sih\Celeb-DF\Celeb-synthesis\id0_id6_0002.mp4,0
C:\Users\Sandhya\Desktop\sih\Celeb-DF\Celeb-synthesis\id0_id6_0006.mp4,0
C:\Users\Sandhya\Desktop\sih\Celeb-DF\Celeb-synthesis\id0_id6_0007.mp4,0
C:\Users\Sandhya\Desktop\sih\Celeb-DF\Celeb-synthesis\id0_id6_0009.mp4,0
C:\Users\Sandhya\Desktop\sih\Celeb-DF\Celeb-synthesis\id0_id9_0000.mp4,0
C:\Users\Sandhya\Desktop\sih\Celeb-DF\Celeb-synthesis\id0_id9_0001.mp4,0
C:\Users\Sandhya\Desktop\sih\Celeb-DF\Celeb-synthesis\id0_id9_0002.mp4,0
C:\Users\Sandhya\Desktop\sih\Celeb-DF\Celeb-synthesis\id0_id9_0003.mp4,0
C:\Users\Sandhya\Desktop\sih\Celeb-DF\Celeb-synthesis\id0_id9_0005.mp4,0
C:\Users\Sandhya\Desktop\sih\Celeb-DF\Celeb-synthesis\id0_id9_0006.mp4,0
C:\Users\Sandhya\Desktop\sih\Celeb-DF\Celeb-synthesis\id0_id9_0007.mp4,0
C:\Users\Sandhya\Desktop\sih\Celeb-DF\Celeb-synthesis\id0_id9_0008.mp4,0
C:\Users\Sandhya\Desktop\sih\Celeb-DF\Celeb-synthesis\id0_id9_0009.mp4,0
C:\Users\Sandhya\Desktop\sih\Celeb-DF\Celeb-synthesis\id10_id11_0001.mp4,0
C:\Users\Sandhya\Desktop\sih\Celeb-DF\Celeb-synthesis\id10_id11_0002.mp4,0
C:\Users\Sandhya\Desktop\sih\Celeb-DF\Celeb-synthesis\id10_id11_0003.mp4,0
C:\Users\Sandhya\Desktop\sih\Celeb-DF\Celeb-synthesis\id10_id11_0004.mp4,0
C:\Users\Sandhya\Desktop\sih\Celeb-DF\Celeb-synthesis\id10_id11_0005.mp4,0
C:\Users\Sandhya\Desktop\sih\Celeb-DF\Celeb-synthesis\id10_id11_0006.mp4,0
C:\Users\Sandhya\Desktop\sih\Celeb-DF\Celeb-synthesis\id10_id11_0007.mp4,0
C:\Users\Sandhya\Desktop\sih\Celeb-DF\Celeb-synthesis\id10_id11_0008.mp4,0
C:\Users\Sandhya\Desktop\sih\Celeb-DF\Celeb-synthesis\id10_id12_0001.mp4,0
C:\Users\Sandhya\Desktop\sih\Celeb-DF\Celeb-synthesis\id10_id12_0002.mp4,0
C:\Users\Sandhya\Desktop\sih\Celeb-DF\Celeb-synthesis\id10_id12_0003.mp4,0
C:\Users\Sandhya\Desktop\sih\Celeb-DF\Celeb-synthesis\id10_id12_0004.mp4,0
C:\Users\Sandhya\Desktop\sih\Celeb-DF\Celeb-synthesis\id10_id12_0005.mp4,0
C:\Users\Sandhya\Desktop\sih\Celeb-DF\Celeb-synthesis\id10_id12_0006.mp4,0
C:\Users\Sandhya\Desktop\sih\Celeb-DF\Celeb-synthesis\id10_id12_0007.mp4,0
C:\Users\Sandhya\Desktop\sih\Celeb-DF\Celeb-synthesis\id10_id12_0008.mp4,0
C:\Users\Sandhya\Desktop\sih\Celeb-DF\Celeb-synthesis\id10_id13_0001.mp4,0
C:\Users\Sandhya\Desktop\sih\Celeb-DF\Celeb-synthesis\id10_id13_0002.mp4,0
C:\Users\Sandhya\Desktop\sih\Celeb-DF\Celeb-synthesis\id10_id13_0003.mp4,0
C:\Users\Sandhya\Desktop\sih\Celeb-DF\Celeb-synthesis\id10_id13_0004.mp4,0
C:\Users\Sandhya\Desktop\sih\Celeb-DF\Celeb-synthesis\id10_id13_0005.mp4,0
C:\Users\Sandhya\Desktop\sih\Celeb-DF\Celeb-synthesis\id10_id13_0006.mp4,0
C:\Users\Sandhya\Desktop\sih\Celeb-DF\Celeb-synthesis\id10_id13_0007.mp4,0
C:\Users\Sandhya\Desktop\sih\Celeb-DF\Celeb-synthesis\id10_id13_0008.mp4,0
C:\Users\Sandhya\Desktop\sih\Celeb-DF\Celeb-synthesis\id10_id7_0001.mp4,0
C:\Users\Sandhya\Desktop\sih\Celeb-DF\Celeb-synthesis\id10_id7_0002.mp4,0
C:\Users\Sandhya\Desktop\sih\Celeb-DF\Celeb-synthesis\id10_id7_0003.mp4,0
C:\Users\Sandhya\Desktop\sih\Celeb-DF\Celeb-synthesis\id10_id7_0004.mp4,0
C:\Users\Sandhya\Desktop\sih\Celeb-DF\Celeb-synthesis\id10_id7_0005.mp4,0
C:\Users\Sandhya\Desktop\sih\Celeb-DF\Celeb-synthesis\id10_id7_0006.mp4,0
C:\Users\Sandhya\Desktop\sih\Celeb-DF\Celeb-synthesis\id10_id7_0007.mp4,0
C:\Users\Sandhya\Desktop\sih\Celeb-DF\Celeb-synthesis\id10_id7_0008.mp4,0
C:\Users\Sandhya\Desktop\sih\Celeb-DF\Celeb-synthesis\id10_id7_0009.mp4,0
C:\Users\Sandhya\Desktop\sih\Celeb-DF\Celeb-synthesis\id11_id7_0000.mp4,0
C:\Users\Sandhya\Desktop\sih\Celeb-DF\Celeb-synthesis\id11_id7_0001.mp4,0
C:\Users\Sandhya\Desktop\sih\Celeb-DF\Celeb-synthesis\id11_id7_0002.mp4,0
C:\Users\Sandhya\Desktop\sih\Celeb-DF\Celeb-synthesis\id11_id7_0003.mp4,0
C:\Users\Sandhya\Desktop\sih\Celeb-DF\Celeb-synthesis\id11_id7_0004.mp4,0
C:\Users\Sandhya\Desktop\sih\Celeb-DF\Celeb-synthesis\id11_id7_0005.mp4,0
C:\Users\Sandhya\Desktop\sih\Celeb-DF\Celeb-synthesis\id11_id7_0006.mp4,0
C:\Users\Sandhya\Desktop\sih\Celeb-DF\Celeb-synthesis\id11_id7_0007.mp4,0
C:\Users\Sandhya\Desktop\sih\Celeb-DF\Celeb-synthesis\id11_id7_0008.mp4,0
C:\Users\Sandhya\Desktop\sih\Celeb-DF\Celeb-synthesis\id11_id7_0009.mp4,0
C:\Users\Sandhya\Desktop\sih\Celeb-DF\Celeb-synthesis\id11_id7_0010.mp4,0
C:\Users\Sandhya\Desktop\sih\Celeb-DF\Celeb-synthesis\id12_id10_0001.mp4,0
C:\Users\Sandhya\Desktop\sih\Celeb-DF\Celeb-synthesis\id12_id10_0002.mp4,0
C:\Users\Sandhya\Desktop\sih\Celeb-DF\Celeb-synthesis\id12_id10_0004.mp4,0
C:\Users\Sandhya\Desktop\sih\Celeb-DF\Celeb-synthesis\id12_id10_0005.mp4,0
C:\Users\Sandhya\Desktop\sih\Celeb-DF\Celeb-synthesis\id12_id10_0006.mp4,0
C:\Users\Sandhya\Desktop\sih\Celeb-DF\Celeb-synthesis\id12_id7_0000.mp4,0
C:\Users\Sandhya\Desktop\sih\Celeb-DF\Celeb-synthesis\id12_id7_0001.mp4,0
C:\Users\Sandhya\Desktop\sih\Celeb-DF\Celeb-synthesis\id12_id7_0002.mp4,0
C:\Users\Sandhya\Desktop\sih\Celeb-DF\Celeb-synthesis\id12_id7_0004.mp4,0
C:\Users\Sandhya\Desktop\sih\Celeb-DF\Celeb-synthesis\id12_id7_0005.mp4,0
C:\Users\Sandhya\Desktop\sih\Celeb-DF\Celeb-synthesis\id12_id7_0006.mp4,0
C:\Users\Sandhya\Desktop\sih\Celeb-DF\Celeb-synthesis\id13_id10_0000.mp4,0
C:\Users\Sandhya\Desktop\sih\Celeb-DF\Celeb-synthesis\id13_id10_0001.mp4,0
C:\Users\Sandhya\Desktop\sih\Celeb-DF\Celeb-synthesis\id13_id10_0003.mp4,0
C:\Users\Sandhya\Desktop\sih\Celeb-DF\Celeb-synthesis\id13_id10_0004.mp4,0
C:\Users\Sandhya\Desktop\sih\Celeb-DF\Celeb-synthesis\id13_id10_0005.mp4,0
C:\Users\Sandhya\Desktop\sih\Celeb-DF\Celeb-synthesis\id13_id10_0007.mp4,0
C:\Users\Sandhya\Desktop\sih\Celeb-DF\Celeb-synthesis\id13_id10_0008.mp4,0
C:\Users\Sandhya\Desktop\sih\Celeb-DF\Celeb-synthesis\id13_id10_0011.mp4,0
C:\Users\Sandhya\Desktop\sih\Celeb-DF\Celeb-synthesis\id13_id10_0012.mp4,0
C:\Users\Sandhya\Desktop\sih\Celeb-DF\Celeb-synthesis\id13_id10_0014.mp4,0
C:\Users\Sandhya\Desktop\sih\Celeb-DF\Celeb-synthesis\id13_id10_0015.mp4,0
C:\Users\Sandhya\Desktop\sih\Celeb-DF\Celeb-synthesis\id13_id7_0000.mp4,0
C:\Users\Sandhya\Desktop\sih\Celeb-DF\Celeb-synthesis\id13_id7_0001.mp4,0
C:\Users\Sandhya\Desktop\sih\Celeb-DF\Celeb-synthesis\id13_id7_0002.mp4,0
C:\Users\Sandhya\Desktop\sih\Celeb-DF\Celeb-synthesis\id13_id7_0003.mp4,0
C:\Users\Sandhya\Desktop\sih\Celeb-DF\Celeb-synthesis\id13_id7_0004.mp4,0
C:\Users\Sandhya\Desktop\sih\Celeb-DF\Celeb-synthesis\id13_id7_0005.mp4,0
C:\Users\Sandhya\Desktop\sih\Celeb-DF\Celeb-synthesis\id13_id7_0007.mp4,0
C:\Users\Sandhya\Desktop\sih\Celeb-DF\Celeb-synthesis\id13_id7_0008.mp4,0
C:\Users\Sandhya\Desktop\sih\Celeb-DF\Celeb-synthesis\id13_id7_0009.mp4,0
C:\Users\Sandhya\Desktop\sih\Celeb-DF\Celeb-synthesis\id13_id7_0011.mp4,0
C:\Users\Sandhya\Desktop\sih\Celeb-DF\Celeb-synthesis\id13_id7_0012.mp4,0
C:\Users\Sandhya\Desktop\sih\Celeb-DF\Celeb-synthesis\id13_id7_0015.mp4,0
C:\Users\Sandhya\Desktop\sih\Celeb-DF\Celeb-synthesis\id16_id0_0000.mp4,0
C:\Users\Sandhya\Desktop\sih\Celeb-DF\Celeb-synthesis\id16_id0_0001.mp4,0
C:\Users\Sandhya\Desktop\sih\Celeb-DF\Celeb-synthesis\id16_id0_0002.mp4,0
C:\Users\Sandhya\Desktop\sih\Celeb-DF\Celeb-synthesis\id16_id0_0003.mp4,0
C:\Users\Sandhya\Desktop\sih\Celeb-DF\Celeb-synthesis\id16_id0_0004.mp4,0
C:\Users\Sandhya\Desktop\sih\Celeb-DF\Celeb-synthesis\id16_id0_0005.mp4,0
C:\Users\Sandhya\Desktop\sih\Celeb-DF\Celeb-synthesis\id16_id0_0006.mp4,0
C:\Users\Sandhya\Desktop\sih\Celeb-DF\Celeb-synthesis\id16_id0_0007.mp4,0
C:\Users\Sandhya\Desktop\sih\Celeb-DF\Celeb-synthesis\id16_id0_0009.mp4,0
C:\Users\Sandhya\Desktop\sih\Celeb-DF\Celeb-synthesis\id16_id0_0010.mp4,0
C:\Users\Sandhya\Desktop\sih\Celeb-DF\Celeb-synthesis\id16_id0_0011.mp4,0
C:\Users\Sandhya\Desktop\sih\Celeb-DF\Celeb-synthesis\id16_id0_0012.mp4,0
C:\Users\Sandhya\Desktop\sih\Celeb-DF\Celeb-synthesis\id16_id0_0013.mp4,0
C:\Users\Sandhya\Desktop\sih\Celeb-DF\Celeb-synthesis\id16_id17_0000.mp4,0
C:\Users\Sandhya\Desktop\sih\Celeb-DF\Celeb-synthesis\id16_id17_0001.mp4,0
C:\Users\Sandhya\Desktop\sih\Celeb-DF\Celeb-synthesis\id16_id17_0002.mp4,0
C:\Users\Sandhya\Desktop\sih\Celeb-DF\Celeb-synthesis\id16_id17_0003.mp4,0
C:\Users\Sandhya\Desktop\sih\Celeb-DF\Celeb-synthesis\id16_id17_0004.mp4,0
C:\Users\Sandhya\Desktop\sih\Celeb-DF\Celeb-synthesis\id16_id17_0005.mp4,0
C:\Users\Sandhya\Desktop\sih\Celeb-DF\Celeb-synthesis\id16_id17_0006.mp4,0
C:\Users\Sandhya\Desktop\sih\Celeb-DF\Celeb-synthesis\id16_id17_0007.mp4,0
C:\Users\Sandhya\Desktop\sih\Celeb-DF\Celeb-synthesis\id16_id17_0009.mp4,0
C:\Users\Sandhya\Desktop\sih\Celeb-DF\Celeb-synthesis\id16_id17_0010.mp4,0
C:\Users\Sandhya\Desktop\sih\Celeb-DF\Celeb-synthesis\id16_id17_0011.mp4,0
C:\Users\Sandhya\Desktop\sih\Celeb-DF\Celeb-synthesis\id16_id17_0012.mp4,0
C:\Users\Sandhya\Desktop\sih\Celeb-DF\Celeb-synthesis\id16_id17_0013.mp4,0
C:\Users\Sandhya\Desktop\sih\Celeb-DF\Celeb-synthesis\id16_id1_0000.mp4,0
C:\Users\Sandhya\Desktop\sih\Celeb-DF\Celeb-synthesis\id16_id1_0001.mp4,0
C:\Users\Sandhya\Desktop\sih\Celeb-DF\Celeb-synthesis\id16_id1_0002.mp4,0
C:\Users\Sandhya\Desktop\sih\Celeb-DF\Celeb-synthesis\id16_id1_0003.mp4,0
C:\Users\Sandhya\Desktop\sih\Celeb-DF\Celeb-synthesis\id16_id1_0004.mp4,0
C:\Users\Sandhya\Desktop\sih\Celeb-DF\Celeb-synthesis\id16_id1_0005.mp4,0
C:\Users\Sandhya\Desktop\sih\Celeb-DF\Celeb-synthesis\id16_id1_0006.mp4,0
C:\Users\Sandhya\Desktop\sih\Celeb-DF\Celeb-synthesis\id16_id1_0007.mp4,0
C:\Users\Sandhya\Desktop\sih\Celeb-DF\Celeb-synthesis\id16_id1_0009.mp4,0
C:\Users\Sandhya\Desktop\sih\Celeb-DF\Celeb-synthesis\id16_id1_0010.mp4,0
C:\Users\Sandhya\Desktop\sih\Celeb-DF\Celeb-synthesis\id16_id1_0011.mp4,0
C:\Users\Sandhya\Desktop\sih\Celeb-DF\Celeb-synthesis\id16_id1_0012.mp4,0
C:\Users\Sandhya\Desktop\sih\Celeb-DF\Celeb-synthesis\id16_id1_0013.mp4,0
C:\Users\Sandhya\Desktop\sih\Celeb-DF\Celeb-synthesis\id16_id2_0000.mp4,0
C:\Users\Sandhya\Desktop\sih\Celeb-DF\Celeb-synthesis\id16_id2_0001.mp4,0
C:\Users\Sandhya\Desktop\sih\Celeb-DF\Celeb-synthesis\id16_id2_0002.mp4,0
C:\Users\Sandhya\Desktop\sih\Celeb-DF\Celeb-synthesis\id16_id2_0003.mp4,0
C:\Users\Sandhya\Desktop\sih\Celeb-DF\Celeb-synthesis\id16_id2_0004.mp4,0
C:\Users\Sandhya\Desktop\sih\Celeb-DF\Celeb-synthesis\id16_id2_0005.mp4,0
C:\Users\Sandhya\Desktop\sih\Celeb-DF\Celeb-synthesis\id16_id2_0006.mp4,0
C:\Users\Sandhya\Desktop\sih\Celeb-DF\Celeb-synthesis\id16_id2_0007.mp4,0
C:\Users\Sandhya\Desktop\sih\Celeb-DF\Celeb-synthesis\id16_id2_0009.mp4,0
C:\Users\Sandhya\Desktop\sih\Celeb-DF\Celeb-synthesis\id16_id2_0010.mp4,0
C:\Users\Sandhya\Desktop\sih\Celeb-DF\Celeb-synthesis\id16_id2_0011.mp4,0
C:\Users\Sandhya\Desktop\sih\Celeb-DF\Celeb-synthesis\id16_id2_0012.mp4,0
C:\Users\Sandhya\Desktop\sih\Celeb-DF\Celeb-synthesis\id16_id2_0013.mp4,0
C:\Users\Sandhya\Desktop\sih\Celeb-DF\Celeb-synthesis\id16_id3_0000.mp4,0
C:\Users\Sandhya\Desktop\sih\Celeb-DF\Celeb-synthesis\id16_id3_0001.mp4,0
C:\Users\Sandhya\Desktop\sih\Celeb-DF\Celeb-synthesis\id16_id3_0002.mp4,0
C:\Users\Sandhya\Desktop\sih\Celeb-DF\Celeb-synthesis\id16_id3_0003.mp4,0
C:\Users\Sandhya\Desktop\sih\Celeb-DF\Celeb-synthesis\id16_id3_0004.mp4,0
C:\Users\Sandhya\Desktop\sih\Celeb-DF\Celeb-synthesis\id16_id3_0005.mp4,0
C:\Users\Sandhya\Desktop\sih\Celeb-DF\Celeb-synthesis\id16_id3_0006.mp4,0
C:\Users\Sandhya\Desktop\sih\Celeb-DF\Celeb-synthesis\id16_id3_0007.mp4,0
C:\Users\Sandhya\Desktop\sih\Celeb-DF\Celeb-synthesis\id16_id3_0009.mp4,0
C:\Users\Sandhya\Desktop\sih\Celeb-DF\Celeb-synthesis\id16_id3_0010.mp4,0
C:\Users\Sandhya\Desktop\sih\Celeb-DF\Celeb-synthesis\id16_id3_0011.mp4,0
C:\Users\Sandhya\Desktop\sih\Celeb-DF\Celeb-synthesis\id16_id3_0012.mp4,0
C:\Users\Sandhya\Desktop\sih\Celeb-DF\Celeb-synthesis\id16_id3_0013.mp4,0
C:\Users\Sandhya\Desktop\sih\Celeb-DF\Celeb-synthesis\id16_id6_0000.mp4,0
C:\Users\Sandhya\Desktop\sih\Celeb-DF\Celeb-synthesis\id16_id6_0001.mp4,0
C:\Users\Sandhya\Desktop\sih\Celeb-DF\Celeb-synthesis\id16_id6_0002.mp4,0
C:\Users\Sandhya\Desktop\sih\Celeb-DF\Celeb-synthesis\id16_id6_0003.mp4,0
C:\Users\Sandhya\Desktop\sih\Celeb-DF\Celeb-synthesis\id16_id6_0004.mp4,0
C:\Users\Sandhya\Desktop\sih\Celeb-DF\Celeb-synthesis\id16_id6_0005.mp4,0
C:\Users\Sandhya\Desktop\sih\Celeb-DF\Celeb-synthesis\id16_id6_0006.mp4,0
C:\Users\Sandhya\Desktop\sih\Celeb-DF\Celeb-synthesis\id16_id6_0007.mp4,0
C:\Users\Sandhya\Desktop\sih\Celeb-DF\Celeb-synthesis\id16_id6_0009.mp4,0
C:\Users\Sandhya\Desktop\sih\Celeb-DF\Celeb-synthesis\id16_id6_0010.mp4,0
C:\Users\Sandhya\Desktop\sih\Celeb-DF\Celeb-synthesis\id16_id6_0011.mp4,0
C:\Users\Sandhya\Desktop\sih\Celeb-DF\Celeb-synthesis\id16_id6_0012.mp4,0
C:\Users\Sandhya\Desktop\sih\Celeb-DF\Celeb-synthesis\id16_id6_0013.mp4,0
C:\Users\Sandhya\Desktop\sih\Celeb-DF\Celeb-synthesis\id16_id9_0000.mp4,0
C:\Users\Sandhya\Desktop\sih\Celeb-DF\Celeb-synthesis\id16_id9_0001.mp4,0
C:\Users\Sandhya\Desktop\sih\Celeb-DF\Celeb-synthesis\id16_id9_0002.mp4,0
C:\Users\Sandhya\Desktop\sih\Celeb-DF\Celeb-synthesis\id16_id9_0003.mp4,0
C:\Users\Sandhya\Desktop\sih\Celeb-DF\Celeb-synthesis\id16_id9_0004.mp4,0
C:\Users\Sandhya\Desktop\sih\Celeb-DF\Celeb-synthesis\id16_id9_0005.mp4,0
C:\Users\Sandhya\Desktop\sih\Celeb-DF\Celeb-synthesis\id16_id9_0006.mp4,0
C:\Users\Sandhya\Desktop\sih\Celeb-DF\Celeb-synthesis\id16_id9_0007.mp4,0
C:\Users\Sandhya\Desktop\sih\Celeb-DF\Celeb-synthesis\id16_id9_0009.mp4,0
C:\Users\Sandhya\Desktop\sih\Celeb-DF\Celeb-synthesis\id16_id9_0010.mp4,0
C:\Users\Sandhya\Desktop\sih\Celeb-DF\Celeb-synthesis\id16_id9_0011.mp4,0
C:\Users\Sandhya\Desktop\sih\Celeb-DF\Celeb-synthesis\id16_id9_0012.mp4,0
C:\Users\Sandhya\Desktop\sih\Celeb-DF\Celeb-synthesis\id16_id9_0013.mp4,0
C:\Users\Sandhya\Desktop\sih\Celeb-DF\Celeb-synthesis\id17_id0_0000.mp4,0
C:\Users\Sandhya\Desktop\sih\Celeb-DF\Celeb-synthesis\id17_id0_0001.mp4,0
C:\Users\Sandhya\Desktop\sih\Celeb-DF\Celeb-synthesis\id17_id0_0002.mp4,0
C:\Users\Sandhya\Desktop\sih\Celeb-DF\Celeb-synthesis\id17_id0_0003.mp4,0
C:\Users\Sandhya\Desktop\sih\Celeb-DF\Celeb-synthesis\id17_id0_0004.mp4,0
C:\Users\Sandhya\Desktop\sih\Celeb-DF\Celeb-synthesis\id17_id0_0005.mp4,0
C:\Users\Sandhya\Desktop\sih\Celeb-DF\Celeb-synthesis\id17_id0_0006.mp4,0
C:\Users\Sandhya\Desktop\sih\Celeb-DF\Celeb-synthesis\id17_id0_0007.mp4,0
C:\Users\Sandhya\Desktop\sih\Celeb-DF\Celeb-synthesis\id17_id0_0009.mp4,0
C:\Users\Sandhya\Desktop\sih\Celeb-DF\Celeb-synthesis\id17_id16_0000.mp4,0
C:\Users\Sandhya\Desktop\sih\Celeb-DF\Celeb-synthesis\id17_id16_0001.mp4,0
C:\Users\Sandhya\Desktop\sih\Celeb-DF\Celeb-synthesis\id17_id16_0002.mp4,0
C:\Users\Sandhya\Desktop\sih\Celeb-DF\Celeb-synthesis\id17_id16_0003.mp4,0
C:\Users\Sandhya\Desktop\sih\Celeb-DF\Celeb-synthesis\id17_id16_0004.mp4,0
C:\Users\Sandhya\Desktop\sih\Celeb-DF\Celeb-synthesis\id17_id16_0005.mp4,0
C:\Users\Sandhya\Desktop\sih\Celeb-DF\Celeb-synthesis\id17_id16_0006.mp4,0
C:\Users\Sandhya\Desktop\sih\Celeb-DF\Celeb-synthesis\id17_id16_0007.mp4,0
C:\Users\Sandhya\Desktop\sih\Celeb-DF\Celeb-synthesis\id17_id16_0009.mp4,0
C:\Users\Sandhya\Desktop\sih\Celeb-DF\Celeb-synthesis\id17_id1_0000.mp4,0
C:\Users\Sandhya\Desktop\sih\Celeb-DF\Celeb-synthesis\id17_id1_0001.mp4,0
C:\Users\Sandhya\Desktop\sih\Celeb-DF\Celeb-synthesis\id17_id1_0002.mp4,0
C:\Users\Sandhya\Desktop\sih\Celeb-DF\Celeb-synthesis\id17_id1_0003.mp4,0
C:\Users\Sandhya\Desktop\sih\Celeb-DF\Celeb-synthesis\id17_id1_0004.mp4,0
C:\Users\Sandhya\Desktop\sih\Celeb-DF\Celeb-synthesis\id17_id1_0005.mp4,0
C:\Users\Sandhya\Desktop\sih\Celeb-DF\Celeb-synthesis\id17_id1_0006.mp4,0
C:\Users\Sandhya\Desktop\sih\Celeb-DF\Celeb-synthesis\id17_id1_0007.mp4,0
C:\Users\Sandhya\Desktop\sih\Celeb-DF\Celeb-synthesis\id17_id1_0009.mp4,0
C:\Users\Sandhya\Desktop\sih\Celeb-DF\Celeb-synthesis\id17_id2_0000.mp4,0
C:\Users\Sandhya\Desktop\sih\Celeb-DF\Celeb-synthesis\id17_id2_0001.mp4,0
C:\Users\Sandhya\Desktop\sih\Celeb-DF\Celeb-synthesis\id17_id2_0002.mp4,0
C:\Users\Sandhya\Desktop\sih\Celeb-DF\Celeb-synthesis\id17_id2_0003.mp4,0
C:\Users\Sandhya\Desktop\sih\Celeb-DF\Celeb-synthesis\id17_id2_0004.mp4,0
C:\Users\Sandhya\Desktop\sih\Celeb-DF\Celeb-synthesis\id17_id2_0005.mp4,0
C:\Users\Sandhya\Desktop\sih\Celeb-DF\Celeb-synthesis\id17_id2_0006.mp4,0
C:\Users\Sandhya\Desktop\sih\Celeb-DF\Celeb-synthesis\id17_id2_0007.mp4,0
C:\Users\Sandhya\Desktop\sih\Celeb-DF\Celeb-synthesis\id17_id2_0009.mp4,0
C:\Users\Sandhya\Desktop\sih\Celeb-DF\Celeb-synthesis\id17_id3_0000.mp4,0
C:\Users\Sandhya\Desktop\sih\Celeb-DF\Celeb-synthesis\id17_id3_0001.mp4,0
C:\Users\Sandhya\Desktop\sih\Celeb-DF\Celeb-synthesis\id17_id3_0002.mp4,0
C:\Users\Sandhya\Desktop\sih\Celeb-DF\Celeb-synthesis\id17_id3_0003.mp4,0
C:\Users\Sandhya\Desktop\sih\Celeb-DF\Celeb-synthesis\id17_id3_0004.mp4,0
C:\Users\Sandhya\Desktop\sih\Celeb-DF\Celeb-synthesis\id17_id3_0005.mp4,0
C:\Users\Sandhya\Desktop\sih\Celeb-DF\Celeb-synthesis\id17_id3_0006.mp4,0
C:\Users\Sandhya\Desktop\sih\Celeb-DF\Celeb-synthesis\id17_id3_0007.mp4,0
C:\Users\Sandhya\Desktop\sih\Celeb-DF\Celeb-synthesis\id17_id3_0009.mp4,0
C:\Users\Sandhya\Desktop\sih\Celeb-DF\Celeb-synthesis\id17_id6_0000.mp4,0
C:\Users\Sandhya\Desktop\sih\Celeb-DF\Celeb-synthesis\id17_id6_0001.mp4,0
C:\Users\Sandhya\Desktop\sih\Celeb-DF\Celeb-synthesis\id17_id6_0002.mp4,0
C:\Users\Sandhya\Desktop\sih\Celeb-DF\Celeb-synthesis\id17_id6_0003.mp4,0
C:\Users\Sandhya\Desktop\sih\Celeb-DF\Celeb-synthesis\id17_id6_0004.mp4,0
C:\Users\Sandhya\Desktop\sih\Celeb-DF\Celeb-synthesis\id17_id6_0005.mp4,0
C:\Users\Sandhya\Desktop\sih\Celeb-DF\Celeb-synthesis\id17_id6_0006.mp4,0
C:\Users\Sandhya\Desktop\sih\Celeb-DF\Celeb-synthesis\id17_id6_0007.mp4,0
C:\Users\Sandhya\Desktop\sih\Celeb-DF\Celeb-synthesis\id17_id6_0009.mp4,0
C:\Users\Sandhya\Desktop\sih\Celeb-DF\Celeb-synthesis\id17_id9_0000.mp4,0
C:\Users\Sandhya\Desktop\sih\Celeb-DF\Celeb-synthesis\id17_id9_0001.mp4,0
C:\Users\Sandhya\Desktop\sih\Celeb-DF\Celeb-synthesis\id17_id9_0002.mp4,0
C:\Users\Sandhya\Desktop\sih\Celeb-DF\Celeb-synthesis\id17_id9_0003.mp4,0
C:\Users\Sandhya\Desktop\sih\Celeb-DF\Celeb-synthesis\id17_id9_0004.mp4,0
C:\Users\Sandhya\Desktop\sih\Celeb-DF\Celeb-synthesis\id17_id9_0005.mp4,0
C:\Users\Sandhya\Desktop\sih\Celeb-DF\Celeb-synthesis\id17_id9_0006.mp4,0
C:\Users\Sandhya\Desktop\sih\Celeb-DF\Celeb-synthesis\id17_id9_0007.mp4,0
C:\Users\Sandhya\Desktop\sih\Celeb-DF\Celeb-synthesis\id17_id9_0009.mp4,0
C:\Users\Sandhya\Desktop\sih\Celeb-DF\Celeb-synthesis\id1_id0_0000.mp4,0
C:\Users\Sandhya\Desktop\sih\Celeb-DF\Celeb-synthesis\id1_id0_0001.mp4,0
C:\Users\Sandhya\Desktop\sih\Celeb-DF\Celeb-synthesis\id1_id0_0002.mp4,0
C:\Users\Sandhya\Desktop\sih\Celeb-DF\Celeb-synthesis\id1_id0_0003.mp4,0
C:\Users\Sandhya\Desktop\sih\Celeb-DF\Celeb-synthesis\id1_id0_0004.mp4,0
C:\Users\Sandhya\Desktop\sih\Celeb-DF\Celeb-synthesis\id1_id0_0005.mp4,0
C:\Users\Sandhya\Desktop\sih\Celeb-DF\Celeb-synthesis\id1_id0_0006.mp4,0
C:\Users\Sandhya\Desktop\sih\Celeb-DF\Celeb-synthesis\id1_id0_0007.mp4,0
C:\Users\Sandhya\Desktop\sih\Celeb-DF\Celeb-synthesis\id1_id0_0009.mp4,0
C:\Users\Sandhya\Desktop\sih\Celeb-DF\Celeb-synthesis\id1_id16_0000.mp4,0
C:\Users\Sandhya\Desktop\sih\Celeb-DF\Celeb-synthesis\id1_id16_0001.mp4,0
C:\Users\Sandhya\Desktop\sih\Celeb-DF\Celeb-synthesis\id1_id16_0002.mp4,0
C:\Users\Sandhya\Desktop\sih\Celeb-DF\Celeb-synthesis\id1_id16_0003.mp4,0
C:\Users\Sandhya\Desktop\sih\Celeb-DF\Celeb-synthesis\id1_id16_0004.mp4,0
C:\Users\Sandhya\Desktop\sih\Celeb-DF\Celeb-synthesis\id1_id16_0005.mp4,0
C:\Users\Sandhya\Desktop\sih\Celeb-DF\Celeb-synthesis\id1_id16_0006.mp4,0
C:\Users\Sandhya\Desktop\sih\Celeb-DF\Celeb-synthesis\id1_id16_0007.mp4,0
C:\Users\Sandhya\Desktop\sih\Celeb-DF\Celeb-synthesis\id1_id16_0009.mp4,0
C:\Users\Sandhya\Desktop\sih\Celeb-DF\Celeb-synthesis\id1_id17_0000.mp4,0
C:\Users\Sandhya\Desktop\sih\Celeb-DF\Celeb-synthesis\id1_id17_0001.mp4,0
C:\Users\Sandhya\Desktop\sih\Celeb-DF\Celeb-synthesis\id1_id17_0002.mp4,0
C:\Users\Sandhya\Desktop\sih\Celeb-DF\Celeb-synthesis\id1_id17_0003.mp4,0
C:\Users\Sandhya\Desktop\sih\Celeb-DF\Celeb-synthesis\id1_id17_0004.mp4,0
C:\Users\Sandhya\Desktop\sih\Celeb-DF\Celeb-synthesis\id1_id17_0005.mp4,0
C:\Users\Sandhya\Desktop\sih\Celeb-DF\Celeb-synthesis\id1_id17_0006.mp4,0
C:\Users\Sandhya\Desktop\sih\Celeb-DF\Celeb-synthesis\id1_id17_0007.mp4,0
C:\Users\Sandhya\Desktop\sih\Celeb-DF\Celeb-synthesis\id1_id17_0009.mp4,0
C:\Users\Sandhya\Desktop\sih\Celeb-DF\Celeb-synthesis\id1_id2_0000.mp4,0
C:\Users\Sandhya\Desktop\sih\Celeb-DF\Celeb-synthesis\id1_id2_0001.mp4,0
C:\Users\Sandhya\Desktop\sih\Celeb-DF\Celeb-synthesis\id1_id2_0002.mp4,0
C:\Users\Sandhya\Desktop\sih\Celeb-DF\Celeb-synthesis\id1_id2_0003.mp4,0
C:\Users\Sandhya\Desktop\sih\Celeb-DF\Celeb-synthesis\id1_id2_0004.mp4,0
C:\Users\Sandhya\Desktop\sih\Celeb-DF\Celeb-synthesis\id1_id2_0005.mp4,0
C:\Users\Sandhya\Desktop\sih\Celeb-DF\Celeb-synthesis\id1_id2_0006.mp4,0
C:\Users\Sandhya\Desktop\sih\Celeb-DF\Celeb-synthesis\id1_id2_0007.mp4,0
C:\Users\Sandhya\Desktop\sih\Celeb-DF\Celeb-synthesis\id1_id2_0009.mp4,0
C:\Users\Sandhya\Desktop\sih\Celeb-DF\Celeb-synthesis\id1_id3_0000.mp4,0
C:\Users\Sandhya\Desktop\sih\Celeb-DF\Celeb-synthesis\id1_id3_0001.mp4,0
C:\Users\Sandhya\Desktop\sih\Celeb-DF\Celeb-synthesis\id1_id3_0002.mp4,0
C:\Users\Sandhya\Desktop\sih\Celeb-DF\Celeb-synthesis\id1_id3_0003.mp4,0
C:\Users\Sandhya\Desktop\sih\Celeb-DF\Celeb-synthesis\id1_id3_0004.mp4,0
C:\Users\Sandhya\Desktop\sih\Celeb-DF\Celeb-synthesis\id1_id3_0005.mp4,0
C:\Users\Sandhya\Desktop\sih\Celeb-DF\Celeb-synthesis\id1_id3_0006.mp4,0
C:\Users\Sandhya\Desktop\sih\Celeb-DF\Celeb-synthesis\id1_id3_0007.mp4,0
C:\Users\Sandhya\Desktop\sih\Celeb-DF\Celeb-synthesis\id1_id3_0009.mp4,0
C:\Users\Sandhya\Desktop\sih\Celeb-DF\Celeb-synthesis\id1_id4_0000.mp4,0
C:\Users\Sandhya\Desktop\sih\Celeb-DF\Celeb-synthesis\id1_id4_0001.mp4,0
C:\Users\Sandhya\Desktop\sih\Celeb-DF\Celeb-synthesis\id1_id4_0002.mp4,0
C:\Users\Sandhya\Desktop\sih\Celeb-DF\Celeb-synthesis\id1_id4_0003.mp4,0
C:\Users\Sandhya\Desktop\sih\Celeb-DF\Celeb-synthesis\id1_id4_0004.mp4,0
C:\Users\Sandhya\Desktop\sih\Celeb-DF\Celeb-synthesis\id1_id4_0005.mp4,0
C:\Users\Sandhya\Desktop\sih\Celeb-DF\Celeb-synthesis\id1_id4_0006.mp4,0
C:\Users\Sandhya\Desktop\sih\Celeb-DF\Celeb-synthesis\id1_id4_0007.mp4,0
C:\Users\Sandhya\Desktop\sih\Celeb-DF\Celeb-synthesis\id1_id4_0009.mp4,0
C:\Users\Sandhya\Desktop\sih\Celeb-DF\Celeb-synthesis\id1_id6_0000.mp4,0
C:\Users\Sandhya\Desktop\sih\Celeb-DF\Celeb-synthesis\id1_id6_0001.mp4,0
C:\Users\Sandhya\Desktop\sih\Celeb-DF\Celeb-synthesis\id1_id6_0002.mp4,0
C:\Users\Sandhya\Desktop\sih\Celeb-DF\Celeb-synthesis\id1_id6_0003.mp4,0
C:\Users\Sandhya\Desktop\sih\Celeb-DF\Celeb-synthesis\id1_id6_0004.mp4,0
C:\Users\Sandhya\Desktop\sih\Celeb-DF\Celeb-synthesis\id1_id6_0005.mp4,0
C:\Users\Sandhya\Desktop\sih\Celeb-DF\Celeb-synthesis\id1_id6_0006.mp4,0
C:\Users\Sandhya\Desktop\sih\Celeb-DF\Celeb-synthesis\id1_id6_0007.mp4,0
C:\Users\Sandhya\Desktop\sih\Celeb-DF\Celeb-synthesis\id1_id6_0009.mp4,0
C:\Users\Sandhya\Desktop\sih\Celeb-DF\Celeb-synthesis\id1_id9_0000.mp4,0
C:\Users\Sandhya\Desktop\sih\Celeb-DF\Celeb-synthesis\id1_id9_0001.mp4,0
C:\Users\Sandhya\Desktop\sih\Celeb-DF\Celeb-synthesis\id1_id9_0002.mp4,0
C:\Users\Sandhya\Desktop\sih\Celeb-DF\Celeb-synthesis\id1_id9_0003.mp4,0
C:\Users\Sandhya\Desktop\sih\Celeb-DF\Celeb-synthesis\id1_id9_0004.mp4,0
C:\Users\Sandhya\Desktop\sih\Celeb-DF\Celeb-synthesis\id1_id9_0005.mp4,0
C:\Users\Sandhya\Desktop\sih\Celeb-DF\Celeb-synthesis\id1_id9_0006.mp4,0
C:\Users\Sandhya\Desktop\sih\Celeb-DF\Celeb-synthesis\id1_id9_0007.mp4,0
C:\Users\Sandhya\Desktop\sih\Celeb-DF\Celeb-synthesis\id1_id9_0009.mp4,0
C:\Users\Sandhya\Desktop\sih\Celeb-DF\Celeb-synthesis\id2_id0_0000.mp4,0
C:\Users\Sandhya\Desktop\sih\Celeb-DF\Celeb-synthesis\id2_id0_0001.mp4,0
C:\Users\Sandhya\Desktop\sih\Celeb-DF\Celeb-synthesis\id2_id0_0002.mp4,0
C:\Users\Sandhya\Desktop\sih\Celeb-DF\Celeb-synthesis\id2_id0_0003.mp4,0
C:\Users\Sandhya\Desktop\sih\Celeb-DF\Celeb-synthesis\id2_id0_0004.mp4,0
C:\Users\Sandhya\Desktop\sih\Celeb-DF\Celeb-synthesis\id2_id0_0005.mp4,0
C:\Users\Sandhya\Desktop\sih\Celeb-DF\Celeb-synthesis\id2_id0_0006.mp4,0
C:\Users\Sandhya\Desktop\sih\Celeb-DF\Celeb-synthesis\id2_id0_0007.mp4,0
C:\Users\Sandhya\Desktop\sih\Celeb-DF\Celeb-synthesis\id2_id0_0008.mp4,0
C:\Users\Sandhya\Desktop\sih\Celeb-DF\Celeb-synthesis\id2_id0_0009.mp4,0
C:\Users\Sandhya\Desktop\sih\Celeb-DF\Celeb-synthesis\id2_id16_0000.mp4,0
C:\Users\Sandhya\Desktop\sih\Celeb-DF\Celeb-synthesis\id2_id16_0001.mp4,0
C:\Users\Sandhya\Desktop\sih\Celeb-DF\Celeb-synthesis\id2_id16_0002.mp4,0
C:\Users\Sandhya\Desktop\sih\Celeb-DF\Celeb-synthesis\id2_id16_0003.mp4,0
C:\Users\Sandhya\Desktop\sih\Celeb-DF\Celeb-synthesis\id2_id16_0004.mp4,0
C:\Users\Sandhya\Desktop\sih\Celeb-DF\Celeb-synthesis\id2_id16_0005.mp4,0
C:\Users\Sandhya\Desktop\sih\Celeb-DF\Celeb-synthesis\id2_id16_0006.mp4,0
C:\Users\Sandhya\Desktop\sih\Celeb-DF\Celeb-synthesis\id2_id16_0007.mp4,0
C:\Users\Sandhya\Desktop\sih\Celeb-DF\Celeb-synthesis\id2_id16_0008.mp4,0
C:\Users\Sandhya\Desktop\sih\Celeb-DF\Celeb-synthesis\id2_id16_0009.mp4,0
C:\Users\Sandhya\Desktop\sih\Celeb-DF\Celeb-synthesis\id2_id17_0000.mp4,0
C:\Users\Sandhya\Desktop\sih\Celeb-DF\Celeb-synthesis\id2_id17_0001.mp4,0
C:\Users\Sandhya\Desktop\sih\Celeb-DF\Celeb-synthesis\id2_id17_0002.mp4,0
C:\Users\Sandhya\Desktop\sih\Celeb-DF\Celeb-synthesis\id2_id17_0003.mp4,0
C:\Users\Sandhya\Desktop\sih\Celeb-DF\Celeb-synthesis\id2_id17_0004.mp4,0
C:\Users\Sandhya\Desktop\sih\Celeb-DF\Celeb-synthesis\id2_id17_0005.mp4,0
C:\Users\Sandhya\Desktop\sih\Celeb-DF\Celeb-synthesis\id2_id17_0006.mp4,0
C:\Users\Sandhya\Desktop\sih\Celeb-DF\Celeb-synthesis\id2_id17_0007.mp4,0
C:\Users\Sandhya\Desktop\sih\Celeb-DF\Celeb-synthesis\id2_id17_0008.mp4,0
C:\Users\Sandhya\Desktop\sih\Celeb-DF\Celeb-synthesis\id2_id17_0009.mp4,0
C:\Users\Sandhya\Desktop\sih\Celeb-DF\Celeb-synthesis\id2_id1_0000.mp4,0
C:\Users\Sandhya\Desktop\sih\Celeb-DF\Celeb-synthesis\id2_id1_0001.mp4,0
C:\Users\Sandhya\Desktop\sih\Celeb-DF\Celeb-synthesis\id2_id1_0002.mp4,0
C:\Users\Sandhya\Desktop\sih\Celeb-DF\Celeb-synthesis\id2_id1_0003.mp4,0
C:\Users\Sandhya\Desktop\sih\Celeb-DF\Celeb-synthesis\id2_id1_0004.mp4,0
C:\Users\Sandhya\Desktop\sih\Celeb-DF\Celeb-synthesis\id2_id1_0005.mp4,0
C:\Users\Sandhya\Desktop\sih\Celeb-DF\Celeb-synthesis\id2_id1_0006.mp4,0
C:\Users\Sandhya\Desktop\sih\Celeb-DF\Celeb-synthesis\id2_id1_0007.mp4,0
C:\Users\Sandhya\Desktop\sih\Celeb-DF\Celeb-synthesis\id2_id1_0008.mp4,0
C:\Users\Sandhya\Desktop\sih\Celeb-DF\Celeb-synthesis\id2_id1_0009.mp4,0
C:\Users\Sandhya\Desktop\sih\Celeb-DF\Celeb-synthesis\id2_id3_0000.mp4,0
C:\Users\Sandhya\Desktop\sih\Celeb-DF\Celeb-synthesis\id2_id3_0001.mp4,0
C:\Users\Sandhya\Desktop\sih\Celeb-DF\Celeb-synthesis\id2_id3_0002.mp4,0
C:\Users\Sandhya\Desktop\sih\Celeb-DF\Celeb-synthesis\id2_id3_0003.mp4,0
C:\Users\Sandhya\Desktop\sih\Celeb-DF\Celeb-synthesis\id2_id3_0004.mp4,0
C:\Users\Sandhya\Desktop\sih\Celeb-DF\Celeb-synthesis\id2_id3_0005.mp4,0
C:\Users\Sandhya\Desktop\sih\Celeb-DF\Celeb-synthesis\id2_id3_0006.mp4,0
C:\Users\Sandhya\Desktop\sih\Celeb-DF\Celeb-synthesis\id2_id3_0007.mp4,0
C:\Users\Sandhya\Desktop\sih\Celeb-DF\Celeb-synthesis\id2_id3_0008.mp4,0
C:\Users\Sandhya\Desktop\sih\Celeb-DF\Celeb-synthesis\id2_id3_0009.mp4,0
C:\Users\Sandhya\Desktop\sih\Celeb-DF\Celeb-synthesis\id2_id4_0000.mp4,0
C:\Users\Sandhya\Desktop\sih\Celeb-DF\Celeb-synthesis\id2_id4_0001.mp4,0
C:\Users\Sandhya\Desktop\sih\Celeb-DF\Celeb-synthesis\id2_id4_0002.mp4,0
C:\Users\Sandhya\Desktop\sih\Celeb-DF\Celeb-synthesis\id2_id4_0003.mp4,0
C:\Users\Sandhya\Desktop\sih\Celeb-DF\Celeb-synthesis\id2_id4_0006.mp4,0
C:\Users\Sandhya\Desktop\sih\Celeb-DF\Celeb-synthesis\id2_id4_0007.mp4,0
C:\Users\Sandhya\Desktop\sih\Celeb-DF\Celeb-synthesis\id2_id4_0008.mp4,0
C:\Users\Sandhya\Desktop\sih\Celeb-DF\Celeb-synthesis\id2_id4_0009.mp4,0
C:\Users\Sandhya\Desktop\sih\Celeb-DF\Celeb-synthesis\id2_id6_0001.mp4,0
C:\Users\Sandhya\Desktop\sih\Celeb-DF\Celeb-synthesis\id2_id6_0002.mp4,0
C:\Users\Sandhya\Desktop\sih\Celeb-DF\Celeb-synthesis\id2_id6_0003.mp4,0
C:\Users\Sandhya\Desktop\sih\Celeb-DF\Celeb-synthesis\id2_id6_0004.mp4,0
C:\Users\Sandhya\Desktop\sih\Celeb-DF\Celeb-synthesis\id2_id6_0005.mp4,0
C:\Users\Sandhya\Desktop\sih\Celeb-DF\Celeb-synthesis\id2_id6_0006.mp4,0
C:\Users\Sandhya\Desktop\sih\Celeb-DF\Celeb-synthesis\id2_id6_0007.mp4,0
C:\Users\Sandhya\Desktop\sih\Celeb-DF\Celeb-synthesis\id2_id6_0008.mp4,0
C:\Users\Sandhya\Desktop\sih\Celeb-DF\Celeb-synthesis\id2_id6_0009.mp4,0
C:\Users\Sandhya\Desktop\sih\Celeb-DF\Celeb-synthesis\id2_id9_0000.mp4,0
C:\Users\Sandhya\Desktop\sih\Celeb-DF\Celeb-synthesis\id2_id9_0001.mp4,0
C:\Users\Sandhya\Desktop\sih\Celeb-DF\Celeb-synthesis\id2_id9_0002.mp4,0
C:\Users\Sandhya\Desktop\sih\Celeb-DF\Celeb-synthesis\id2_id9_0003.mp4,0
C:\Users\Sandhya\Desktop\sih\Celeb-DF\Celeb-synthesis\id2_id9_0004.mp4,0
C:\Users\Sandhya\Desktop\sih\Celeb-DF\Celeb-synthesis\id2_id9_0005.mp4,0
C:\Users\Sandhya\Desktop\sih\Celeb-DF\Celeb-synthesis\id2_id9_0006.mp4,0
C:\Users\Sandhya\Desktop\sih\Celeb-DF\Celeb-synthesis\id2_id9_0007.mp4,0
C:\Users\Sandhya\Desktop\sih\Celeb-DF\Celeb-synthesis\id2_id9_0008.mp4,0
C:\Users\Sandhya\Desktop\sih\Celeb-DF\Celeb-synthesis\id2_id9_0009.mp4,0
C:\Users\Sandhya\Desktop\sih\Celeb-DF\Celeb-synthesis\id3_id0_0000.mp4,0
C:\Users\Sandhya\Desktop\sih\Celeb-DF\Celeb-synthesis\id3_id0_0001.mp4,0
C:\Users\Sandhya\Desktop\sih\Celeb-DF\Celeb-synthesis\id3_id0_0002.mp4,0
C:\Users\Sandhya\Desktop\sih\Celeb-DF\Celeb-synthesis\id3_id0_0003.mp4,0
C:\Users\Sandhya\Desktop\sih\Celeb-DF\Celeb-synthesis\id3_id0_0004.mp4,0
C:\Users\Sandhya\Desktop\sih\Celeb-DF\Celeb-synthesis\id3_id0_0005.mp4,0
C:\Users\Sandhya\Desktop\sih\Celeb-DF\Celeb-synthesis\id3_id0_0006.mp4,0
C:\Users\Sandhya\Desktop\sih\Celeb-DF\Celeb-synthesis\id3_id0_0007.mp4,0
C:\Users\Sandhya\Desktop\sih\Celeb-DF\Celeb-synthesis\id3_id0_0008.mp4,0
C:\Users\Sandhya\Desktop\sih\Celeb-DF\Celeb-synthesis\id3_id0_0009.mp4,0
C:\Users\Sandhya\Desktop\sih\Celeb-DF\Celeb-synthesis\id3_id16_0000.mp4,0
C:\Users\Sandhya\Desktop\sih\Celeb-DF\Celeb-synthesis\id3_id16_0001.mp4,0
C:\Users\Sandhya\Desktop\sih\Celeb-DF\Celeb-synthesis\id3_id16_0002.mp4,0
C:\Users\Sandhya\Desktop\sih\Celeb-DF\Celeb-synthesis\id3_id16_0003.mp4,0
C:\Users\Sandhya\Desktop\sih\Celeb-DF\Celeb-synthesis\id3_id16_0004.mp4,0
C:\Users\Sandhya\Desktop\sih\Celeb-DF\Celeb-synthesis\id3_id16_0005.mp4,0
C:\Users\Sandhya\Desktop\sih\Celeb-DF\Celeb-synthesis\id3_id16_0006.mp4,0
C:\Users\Sandhya\Desktop\sih\Celeb-DF\Celeb-synthesis\id3_id16_0008.mp4,0
C:\Users\Sandhya\Desktop\sih\Celeb-DF\Celeb-synthesis\id3_id16_0009.mp4,0
C:\Users\Sandhya\Desktop\sih\Celeb-DF\Celeb-synthesis\id3_id17_0000.mp4,0
C:\Users\Sandhya\Desktop\sih\Celeb-DF\Celeb-synthesis\id3_id17_0001.mp4,0
C:\Users\Sandhya\Desktop\sih\Celeb-DF\Celeb-synthesis\id3_id17_0002.mp4,0
C:\Users\Sandhya\Desktop\sih\Celeb-DF\Celeb-synthesis\id3_id17_0003.mp4,0
C:\Users\Sandhya\Desktop\sih\Celeb-DF\Celeb-synthesis\id3_id17_0004.mp4,0
C:\Users\Sandhya\Desktop\sih\Celeb-DF\Celeb-synthesis\id3_id17_0005.mp4,0
C:\Users\Sandhya\Desktop\sih\Celeb-DF\Celeb-synthesis\id3_id17_0006.mp4,0
C:\Users\Sandhya\Desktop\sih\Celeb-DF\Celeb-synthesis\id3_id17_0007.mp4,0
C:\Users\Sandhya\Desktop\sih\Celeb-DF\Celeb-synthesis\id3_id17_0008.mp4,0
C:\Users\Sandhya\Desktop\sih\Celeb-DF\Celeb-synthesis\id3_id17_0009.mp4,0
C:\Users\Sandhya\Desktop\sih\Celeb-DF\Celeb-synthesis\id3_id1_0001.mp4,0
C:\Users\Sandhya\Desktop\sih\Celeb-DF\Celeb-synthesis\id3_id1_0002.mp4,0
C:\Users\Sandhya\Desktop\sih\Celeb-DF\Celeb-synthesis\id3_id1_0003.mp4,0
C:\Users\Sandhya\Desktop\sih\Celeb-DF\Celeb-synthesis\id3_id1_0004.mp4,0
C:\Users\Sandhya\Desktop\sih\Celeb-DF\Celeb-synthesis\id3_id1_0005.mp4,0
C:\Users\Sandhya\Desktop\sih\Celeb-DF\Celeb-synthesis\id3_id1_0006.mp4,0
C:\Users\Sandhya\Desktop\sih\Celeb-DF\Celeb-synthesis\id3_id1_0007.mp4,0
C:\Users\Sandhya\Desktop\sih\Celeb-DF\Celeb-synthesis\id3_id1_0008.mp4,0
C:\Users\Sandhya\Desktop\sih\Celeb-DF\Celeb-synthesis\id3_id1_0009.mp4,0
C:\Users\Sandhya\Desktop\sih\Celeb-DF\Celeb-synthesis\id3_id2_0000.mp4,0
C:\Users\Sandhya\Desktop\sih\Celeb-DF\Celeb-synthesis\id3_id2_0001.mp4,0
C:\Users\Sandhya\Desktop\sih\Celeb-DF\Celeb-synthesis\id3_id2_0002.mp4,0
C:\Users\Sandhya\Desktop\sih\Celeb-DF\Celeb-synthesis\id3_id2_0003.mp4,0
C:\Users\Sandhya\Desktop\sih\Celeb-DF\Celeb-synthesis\id3_id2_0004.mp4,0
C:\Users\Sandhya\Desktop\sih\Celeb-DF\Celeb-synthesis\id3_id2_0005.mp4,0
C:\Users\Sandhya\Desktop\sih\Celeb-DF\Celeb-synthesis\id3_id2_0006.mp4,0
C:\Users\Sandhya\Desktop\sih\Celeb-DF\Celeb-synthesis\id3_id2_0007.mp4,0
C:\Users\Sandhya\Desktop\sih\Celeb-DF\Celeb-synthesis\id3_id2_0008.mp4,0
C:\Users\Sandhya\Desktop\sih\Celeb-DF\Celeb-synthesis\id3_id2_0009.mp4,0
C:\Users\Sandhya\Desktop\sih\Celeb-DF\Celeb-synthesis\id3_id4_0001.mp4,0
C:\Users\Sandhya\Desktop\sih\Celeb-DF\Celeb-synthesis\id3_id4_0003.mp4,0
C:\Users\Sandhya\Desktop\sih\Celeb-DF\Celeb-synthesis\id3_id4_0004.mp4,0
C:\Users\Sandhya\Desktop\sih\Celeb-DF\Celeb-synthesis\id3_id4_0005.mp4,0
C:\Users\Sandhya\Desktop\sih\Celeb-DF\Celeb-synthesis\id3_id4_0006.mp4,0
C:\Users\Sandhya\Desktop\sih\Celeb-DF\Celeb-synthesis\id3_id4_0008.mp4,0
C:\Users\Sandhya\Desktop\sih\Celeb-DF\Celeb-synthesis\id3_id6_0000.mp4,0
C:\Users\Sandhya\Desktop\sih\Celeb-DF\Celeb-synthesis\id3_id6_0001.mp4,0
C:\Users\Sandhya\Desktop\sih\Celeb-DF\Celeb-synthesis\id3_id6_0002.mp4,0
C:\Users\Sandhya\Desktop\sih\Celeb-DF\Celeb-synthesis\id3_id6_0003.mp4,0
C:\Users\Sandhya\Desktop\sih\Celeb-DF\Celeb-synthesis\id3_id6_0004.mp4,0
C:\Users\Sandhya\Desktop\sih\Celeb-DF\Celeb-synthesis\id3_id6_0005.mp4,0
C:\Users\Sandhya\Desktop\sih\Celeb-DF\Celeb-synthesis\id3_id6_0006.mp4,0
C:\Users\Sandhya\Desktop\sih\Celeb-DF\Celeb-synthesis\id3_id6_0007.mp4,0
C:\Users\Sandhya\Desktop\sih\Celeb-DF\Celeb-synthesis\id3_id6_0008.mp4,0
C:\Users\Sandhya\Desktop\sih\Celeb-DF\Celeb-synthesis\id3_id6_0009.mp4,0
C:\Users\Sandhya\Desktop\sih\Celeb-DF\Celeb-synthesis\id3_id9_0000.mp4,0
C:\Users\Sandhya\Desktop\sih\Celeb-DF\Celeb-synthesis\id3_id9_0001.mp4,0
C:\Users\Sandhya\Desktop\sih\Celeb-DF\Celeb-synthesis\id3_id9_0002.mp4,0
C:\Users\Sandhya\Desktop\sih\Celeb-DF\Celeb-synthesis\id3_id9_0003.mp4,0
C:\Users\Sandhya\Desktop\sih\Celeb-DF\Celeb-synthesis\id3_id9_0004.mp4,0
C:\Users\Sandhya\Desktop\sih\Celeb-DF\Celeb-synthesis\id3_id9_0005.mp4,0
C:\Users\Sandhya\Desktop\sih\Celeb-DF\Celeb-synthesis\id3_id9_0006.mp4,0
C:\Users\Sandhya\Desktop\sih\Celeb-DF\Celeb-synthesis\id3_id9_0007.mp4,0
C:\Users\Sandhya\Desktop\sih\Celeb-DF\Celeb-synthesis\id3_id9_0008.mp4,0
C:\Users\Sandhya\Desktop\sih\Celeb-DF\Celeb-synthesis\id3_id9_0009.mp4,0
C:\Users\Sandhya\Desktop\sih\Celeb-DF\Celeb-synthesis\id4_id0_0000.mp4,0
C:\Users\Sandhya\Desktop\sih\Celeb-DF\Celeb-synthesis\id4_id0_0001.mp4,0
C:\Users\Sandhya\Desktop\sih\Celeb-DF\Celeb-synthesis\id4_id0_0002.mp4,0
C:\Users\Sandhya\Desktop\sih\Celeb-DF\Celeb-synthesis\id4_id0_0003.mp4,0
C:\Users\Sandhya\Desktop\sih\Celeb-DF\Celeb-synthesis\id4_id0_0004.mp4,0
C:\Users\Sandhya\Desktop\sih\Celeb-DF\Celeb-synthesis\id4_id0_0005.mp4,0
C:\Users\Sandhya\Desktop\sih\Celeb-DF\Celeb-synthesis\id4_id0_0006.mp4,0
C:\Users\Sandhya\Desktop\sih\Celeb-DF\Celeb-synthesis\id4_id0_0007.mp4,0
C:\Users\Sandhya\Desktop\sih\Celeb-DF\Celeb-synthesis\id4_id0_0008.mp4,0
C:\Users\Sandhya\Desktop\sih\Celeb-DF\Celeb-synthesis\id4_id0_0009.mp4,0
C:\Users\Sandhya\Desktop\sih\Celeb-DF\Celeb-synthesis\id4_id1_0000.mp4,0
C:\Users\Sandhya\Desktop\sih\Celeb-DF\Celeb-synthesis\id4_id1_0001.mp4,0
C:\Users\Sandhya\Desktop\sih\Celeb-DF\Celeb-synthesis\id4_id1_0002.mp4,0
C:\Users\Sandhya\Desktop\sih\Celeb-DF\Celeb-synthesis\id4_id1_0003.mp4,0
C:\Users\Sandhya\Desktop\sih\Celeb-DF\Celeb-synthesis\id4_id1_0004.mp4,0
C:\Users\Sandhya\Desktop\sih\Celeb-DF\Celeb-synthesis\id4_id1_0005.mp4,0
C:\Users\Sandhya\Desktop\sih\Celeb-DF\Celeb-synthesis\id4_id1_0006.mp4,0
C:\Users\Sandhya\Desktop\sih\Celeb-DF\Celeb-synthesis\id4_id1_0007.mp4,0
C:\Users\Sandhya\Desktop\sih\Celeb-DF\Celeb-synthesis\id4_id1_0008.mp4,0
C:\Users\Sandhya\Desktop\sih\Celeb-DF\Celeb-synthesis\id4_id1_0009.mp4,0
C:\Users\Sandhya\Desktop\sih\Celeb-DF\Celeb-synthesis\id4_id2_0000.mp4,0
C:\Users\Sandhya\Desktop\sih\Celeb-DF\Celeb-synthesis\id4_id2_0001.mp4,0
C:\Users\Sandhya\Desktop\sih\Celeb-DF\Celeb-synthesis\id4_id2_0002.mp4,0
C:\Users\Sandhya\Desktop\sih\Celeb-DF\Celeb-synthesis\id4_id2_0003.mp4,0
C:\Users\Sandhya\Desktop\sih\Celeb-DF\Celeb-synthesis\id4_id2_0004.mp4,0
C:\Users\Sandhya\Desktop\sih\Celeb-DF\Celeb-synthesis\id4_id2_0005.mp4,0
C:\Users\Sandhya\Desktop\sih\Celeb-DF\Celeb-synthesis\id4_id2_0006.mp4,0
C:\Users\Sandhya\Desktop\sih\Celeb-DF\Celeb-synthesis\id4_id2_0007.mp4,0
C:\Users\Sandhya\Desktop\sih\Celeb-DF\Celeb-synthesis\id4_id2_0008.mp4,0
C:\Users\Sandhya\Desktop\sih\Celeb-DF\Celeb-synthesis\id4_id2_0009.mp4,0
C:\Users\Sandhya\Desktop\sih\Celeb-DF\Celeb-synthesis\id4_id3_0000.mp4,0
C:\Users\Sandhya\Desktop\sih\Celeb-DF\Celeb-synthesis\id4_id3_0001.mp4,0
C:\Users\Sandhya\Desktop\sih\Celeb-DF\Celeb-synthesis\id4_id3_0002.mp4,0
C:\Users\Sandhya\Desktop\sih\Celeb-DF\Celeb-synthesis\id4_id3_0003.mp4,0
C:\Users\Sandhya\Desktop\sih\Celeb-DF\Celeb-synthesis\id4_id3_0004.mp4,0
C:\Users\Sandhya\Desktop\sih\Celeb-DF\Celeb-synthesis\id4_id3_0005.mp4,0
C:\Users\Sandhya\Desktop\sih\Celeb-DF\Celeb-synthesis\id4_id3_0006.mp4,0
C:\Users\Sandhya\Desktop\sih\Celeb-DF\Celeb-synthesis\id4_id3_0007.mp4,0
C:\Users\Sandhya\Desktop\sih\Celeb-DF\Celeb-synthesis\id4_id3_0008.mp4,0
C:\Users\Sandhya\Desktop\sih\Celeb-DF\Celeb-synthesis\id4_id3_0009.mp4,0
C:\Users\Sandhya\Desktop\sih\Celeb-DF\Celeb-synthesis\id4_id6_0000.mp4,0
C:\Users\Sandhya\Desktop\sih\Celeb-DF\Celeb-synthesis\id4_id6_0001.mp4,0
C:\Users\Sandhya\Desktop\sih\Celeb-DF\Celeb-synthesis\id4_id6_0002.mp4,0
C:\Users\Sandhya\Desktop\sih\Celeb-DF\Celeb-synthesis\id4_id6_0003.mp4,0
C:\Users\Sandhya\Desktop\sih\Celeb-DF\Celeb-synthesis\id4_id6_0004.mp4,0
C:\Users\Sandhya\Desktop\sih\Celeb-DF\Celeb-synthesis\id4_id6_0005.mp4,0
C:\Users\Sandhya\Desktop\sih\Celeb-DF\Celeb-synthesis\id4_id6_0006.mp4,0
C:\Users\Sandhya\Desktop\sih\Celeb-DF\Celeb-synthesis\id4_id6_0007.mp4,0
C:\Users\Sandhya\Desktop\sih\Celeb-DF\Celeb-synthesis\id4_id6_0008.mp4,0
C:\Users\Sandhya\Desktop\sih\Celeb-DF\Celeb-synthesis\id4_id6_0009.mp4,0
C:\Users\Sandhya\Desktop\sih\Celeb-DF\Celeb-synthesis\id4_id9_0000.mp4,0
C:\Users\Sandhya\Desktop\sih\Celeb-DF\Celeb-synthesis\id4_id9_0001.mp4,0
C:\Users\Sandhya\Desktop\sih\Celeb-DF\Celeb-synthesis\id4_id9_0002.mp4,0
C:\Users\Sandhya\Desktop\sih\Celeb-DF\Celeb-synthesis\id4_id9_0003.mp4,0
C:\Users\Sandhya\Desktop\sih\Celeb-DF\Celeb-synthesis\id4_id9_0004.mp4,0
C:\Users\Sandhya\Desktop\sih\Celeb-DF\Celeb-synthesis\id4_id9_0005.mp4,0
C:\Users\Sandhya\Desktop\sih\Celeb-DF\Celeb-synthesis\id4_id9_0006.mp4,0
C:\Users\Sandhya\Desktop\sih\Celeb-DF\Celeb-synthesis\id4_id9_0007.mp4,0
C:\Users\Sandhya\Desktop\sih\Celeb-DF\Celeb-synthesis\id4_id9_0008.mp4,0
C:\Users\Sandhya\Desktop\sih\Celeb-DF\Celeb-synthesis\id6_id0_0000.mp4,0
C:\Users\Sandhya\Desktop\sih\Celeb-DF\Celeb-synthesis\id6_id0_0001.mp4,0
C:\Users\Sandhya\Desktop\sih\Celeb-DF\Celeb-synthesis\id6_id0_0002.mp4,0
C:\Users\Sandhya\Desktop\sih\Celeb-DF\Celeb-synthesis\id6_id0_0003.mp4,0
C:\Users\Sandhya\Desktop\sih\Celeb-DF\Celeb-synthesis\id6_id0_0004.mp4,0
C:\Users\Sandhya\Desktop\sih\Celeb-DF\Celeb-synthesis\id6_id0_0005.mp4,0
C:\Users\Sandhya\Desktop\sih\Celeb-DF\Celeb-synthesis\id6_id0_0006.mp4,0
C:\Users\Sandhya\Desktop\sih\Celeb-DF\Celeb-synthesis\id6_id0_0007.mp4,0
C:\Users\Sandhya\Desktop\sih\Celeb-DF\Celeb-synthesis\id6_id0_0008.mp4,0
C:\Users\Sandhya\Desktop\sih\Celeb-DF\Celeb-synthesis\id6_id0_0009.mp4,0
C:\Users\Sandhya\Desktop\sih\Celeb-DF\Celeb-synthesis\id6_id16_0000.mp4,0
C:\Users\Sandhya\Desktop\sih\Celeb-DF\Celeb-synthesis\id6_id16_0001.mp4,0
C:\Users\Sandhya\Desktop\sih\Celeb-DF\Celeb-synthesis\id6_id16_0002.mp4,0
C:\Users\Sandhya\Desktop\sih\Celeb-DF\Celeb-synthesis\id6_id16_0003.mp4,0
C:\Users\Sandhya\Desktop\sih\Celeb-DF\Celeb-synthesis\id6_id16_0004.mp4,0
C:\Users\Sandhya\Desktop\sih\Celeb-DF\Celeb-synthesis\id6_id16_0005.mp4,0
C:\Users\Sandhya\Desktop\sih\Celeb-DF\Celeb-synthesis\id6_id16_0006.mp4,0
C:\Users\Sandhya\Desktop\sih\Celeb-DF\Celeb-synthesis\id6_id16_0007.mp4,0
C:\Users\Sandhya\Desktop\sih\Celeb-DF\Celeb-synthesis\id6_id16_0008.mp4,0
C:\Users\Sandhya\Desktop\sih\Celeb-DF\Celeb-synthesis\id6_id16_0009.mp4,0
C:\Users\Sandhya\Desktop\sih\Celeb-DF\Celeb-synthesis\id6_id17_0000.mp4,0
C:\Users\Sandhya\Desktop\sih\Celeb-DF\Celeb-synthesis\id6_id17_0001.mp4,0
C:\Users\Sandhya\Desktop\sih\Celeb-DF\Celeb-synthesis\id6_id17_0002.mp4,0
C:\Users\Sandhya\Desktop\sih\Celeb-DF\Celeb-synthesis\id6_id17_0003.mp4,0
C:\Users\Sandhya\Desktop\sih\Celeb-DF\Celeb-synthesis\id6_id17_0004.mp4,0
C:\Users\Sandhya\Desktop\sih\Celeb-DF\Celeb-synthesis\id6_id17_0005.mp4,0
C:\Users\Sandhya\Desktop\sih\Celeb-DF\Celeb-synthesis\id6_id17_0006.mp4,0
C:\Users\Sandhya\Desktop\sih\Celeb-DF\Celeb-synthesis\id6_id17_0007.mp4,0
C:\Users\Sandhya\Desktop\sih\Celeb-DF\Celeb-synthesis\id6_id17_0008.mp4,0
C:\Users\Sandhya\Desktop\sih\Celeb-DF\Celeb-synthesis\id6_id17_0009.mp4,0
C:\Users\Sandhya\Desktop\sih\Celeb-DF\Celeb-synthesis\id6_id1_0000.mp4,0
C:\Users\Sandhya\Desktop\sih\Celeb-DF\Celeb-synthesis\id6_id1_0001.mp4,0
C:\Users\Sandhya\Desktop\sih\Celeb-DF\Celeb-synthesis\id6_id1_0002.mp4,0
C:\Users\Sandhya\Desktop\sih\Celeb-DF\Celeb-synthesis\id6_id1_0003.mp4,0
C:\Users\Sandhya\Desktop\sih\Celeb-DF\Celeb-synthesis\id6_id1_0004.mp4,0
C:\Users\Sandhya\Desktop\sih\Celeb-DF\Celeb-synthesis\id6_id1_0005.mp4,0
C:\Users\Sandhya\Desktop\sih\Celeb-DF\Celeb-synthesis\id6_id1_0006.mp4,0
C:\Users\Sandhya\Desktop\sih\Celeb-DF\Celeb-synthesis\id6_id1_0007.mp4,0
C:\Users\Sandhya\Desktop\sih\Celeb-DF\Celeb-synthesis\id6_id1_0008.mp4,0
C:\Users\Sandhya\Desktop\sih\Celeb-DF\Celeb-synthesis\id6_id1_0009.mp4,0
C:\Users\Sandhya\Desktop\sih\Celeb-DF\Celeb-synthesis\id6_id2_0000.mp4,0
C:\Users\Sandhya\Desktop\sih\Celeb-DF\Celeb-synthesis\id6_id2_0001.mp4,0
C:\Users\Sandhya\Desktop\sih\Celeb-DF\Celeb-synthesis\id6_id2_0002.mp4,0
C:\Users\Sandhya\Desktop\sih\Celeb-DF\Celeb-synthesis\id6_id2_0003.mp4,0
C:\Users\Sandhya\Desktop\sih\Celeb-DF\Celeb-synthesis\id6_id2_0004.mp4,0
C:\Users\Sandhya\Desktop\sih\Celeb-DF\Celeb-synthesis\id6_id2_0005.mp4,0
C:\Users\Sandhya\Desktop\sih\Celeb-DF\Celeb-synthesis\id6_id2_0006.mp4,0
C:\Users\Sandhya\Desktop\sih\Celeb-DF\Celeb-synthesis\id6_id2_0007.mp4,0
C:\Users\Sandhya\Desktop\sih\Celeb-DF\Celeb-synthesis\id6_id2_0008.mp4,0
C:\Users\Sandhya\Desktop\sih\Celeb-DF\Celeb-synthesis\id6_id2_0009.mp4,0
C:\Users\Sandhya\Desktop\sih\Celeb-DF\Celeb-synthesis\id6_id3_0000.mp4,0
C:\Users\Sandhya\Desktop\sih\Celeb-DF\Celeb-synthesis\id6_id3_0001.mp4,0
C:\Users\Sandhya\Desktop\sih\Celeb-DF\Celeb-synthesis\id6_id3_0002.mp4,0
C:\Users\Sandhya\Desktop\sih\Celeb-DF\Celeb-synthesis\id6_id3_0003.mp4,0
C:\Users\Sandhya\Desktop\sih\Celeb-DF\Celeb-synthesis\id6_id3_0004.mp4,0
C:\Users\Sandhya\Desktop\sih\Celeb-DF\Celeb-synthesis\id6_id3_0005.mp4,0
C:\Users\Sandhya\Desktop\sih\Celeb-DF\Celeb-synthesis\id6_id3_0006.mp4,0
C:\Users\Sandhya\Desktop\sih\Celeb-DF\Celeb-synthesis\id6_id3_0007.mp4,0
C:\Users\Sandhya\Desktop\sih\Celeb-DF\Celeb-synthesis\id6_id3_0008.mp4,0
C:\Users\Sandhya\Desktop\sih\Celeb-DF\Celeb-synthesis\id6_id3_0009.mp4,0
C:\Users\Sandhya\Desktop\sih\Celeb-DF\Celeb-synthesis\id6_id4_0001.mp4,0
C:\Users\Sandhya\Desktop\sih\Celeb-DF\Celeb-synthesis\id6_id4_0004.mp4,0
C:\Users\Sandhya\Desktop\sih\Celeb-DF\Celeb-synthesis\id6_id4_0005.mp4,0
C:\Users\Sandhya\Desktop\sih\Celeb-DF\Celeb-synthesis\id6_id4_0006.mp4,0
C:\Users\Sandhya\Desktop\sih\Celeb-DF\Celeb-synthesis\id6_id4_0007.mp4,0
C:\Users\Sandhya\Desktop\sih\Celeb-DF\Celeb-synthesis\id6_id4_0008.mp4,0
C:\Users\Sandhya\Desktop\sih\Celeb-DF\Celeb-synthesis\id6_id4_0009.mp4,0
C:\Users\Sandhya\Desktop\sih\Celeb-DF\Celeb-synthesis\id6_id9_0000.mp4,0
C:\Users\Sandhya\Desktop\sih\Celeb-DF\Celeb-synthesis\id6_id9_0001.mp4,0
C:\Users\Sandhya\Desktop\sih\Celeb-DF\Celeb-synthesis\id6_id9_0002.mp4,0
C:\Users\Sandhya\Desktop\sih\Celeb-DF\Celeb-synthesis\id6_id9_0003.mp4,0
C:\Users\Sandhya\Desktop\sih\Celeb-DF\Celeb-synthesis\id6_id9_0004.mp4,0
C:\Users\Sandhya\Desktop\sih\Celeb-DF\Celeb-synthesis\id6_id9_0005.mp4,0
C:\Users\Sandhya\Desktop\sih\Celeb-DF\Celeb-synthesis\id6_id9_0006.mp4,0
C:\Users\Sandhya\Desktop\sih\Celeb-DF\Celeb-synthesis\id6_id9_0007.mp4,0
C:\Users\Sandhya\Desktop\sih\Celeb-DF\Celeb-synthesis\id6_id9_0008.mp4,0
C:\Users\Sandhya\Desktop\sih\Celeb-DF\Celeb-synthesis\id6_id9_0009.mp4,0
C:\Users\Sandhya\Desktop\sih\Celeb-DF\Celeb-synthesis\id7_id10_0001.mp4,0
C:\Users\Sandhya\Desktop\sih\Celeb-DF\Celeb-synthesis\id7_id10_0002.mp4,0
C:\Users\Sandhya\Desktop\sih\Celeb-DF\Celeb-synthesis\id7_id10_0003.mp4,0
C:\Users\Sandhya\Desktop\sih\Celeb-DF\Celeb-synthesis\id7_id10_0004.mp4,0
C:\Users\Sandhya\Desktop\sih\Celeb-DF\Celeb-synthesis\id7_id10_0005.mp4,0
C:\Users\Sandhya\Desktop\sih\Celeb-DF\Celeb-synthesis\id7_id10_0007.mp4,0
C:\Users\Sandhya\Desktop\sih\Celeb-DF\Celeb-synthesis\id7_id10_0009.mp4,0
C:\Users\Sandhya\Desktop\sih\Celeb-DF\Celeb-synthesis\id7_id11_0000.mp4,0
C:\Users\Sandhya\Desktop\sih\Celeb-DF\Celeb-synthesis\id7_id11_0001.mp4,0
C:\Users\Sandhya\Desktop\sih\Celeb-DF\Celeb-synthesis\id7_id11_0002.mp4,0
C:\Users\Sandhya\Desktop\sih\Celeb-DF\Celeb-synthesis\id7_id11_0004.mp4,0
C:\Users\Sandhya\Desktop\sih\Celeb-DF\Celeb-synthesis\id7_id11_0005.mp4,0
C:\Users\Sandhya\Desktop\sih\Celeb-DF\Celeb-synthesis\id7_id11_0006.mp4,0
C:\Users\Sandhya\Desktop\sih\Celeb-DF\Celeb-synthesis\id7_id11_0007.mp4,0
C:\Users\Sandhya\Desktop\sih\Celeb-DF\Celeb-synthesis\id7_id11_0009.mp4,0
C:\Users\Sandhya\Desktop\sih\Celeb-DF\Celeb-synthesis\id7_id12_0000.mp4,0
C:\Users\Sandhya\Desktop\sih\Celeb-DF\Celeb-synthesis\id7_id12_0002.mp4,0
C:\Users\Sandhya\Desktop\sih\Celeb-DF\Celeb-synthesis\id7_id12_0004.mp4,0
C:\Users\Sandhya\Desktop\sih\Celeb-DF\Celeb-synthesis\id7_id12_0005.mp4,0
C:\Users\Sandhya\Desktop\sih\Celeb-DF\Celeb-synthesis\id7_id12_0007.mp4,0
C:\Users\Sandhya\Desktop\sih\Celeb-DF\Celeb-synthesis\id7_id12_0009.mp4,0
C:\Users\Sandhya\Desktop\sih\Celeb-DF\Celeb-synthesis\id7_id13_0000.mp4,0
C:\Users\Sandhya\Desktop\sih\Celeb-DF\Celeb-synthesis\id7_id13_0001.mp4,0
C:\Users\Sandhya\Desktop\sih\Celeb-DF\Celeb-synthesis\id7_id13_0002.mp4,0
C:\Users\Sandhya\Desktop\sih\Celeb-DF\Celeb-synthesis\id7_id13_0004.mp4,0
C:\Users\Sandhya\Desktop\sih\Celeb-DF\Celeb-synthesis\id7_id13_0005.mp4,0
C:\Users\Sandhya\Desktop\sih\Celeb-DF\Celeb-synthesis\id7_id13_0006.mp4,0
C:\Users\Sandhya\Desktop\sih\Celeb-DF\Celeb-synthesis\id7_id13_0007.mp4,0
C:\Users\Sandhya\Desktop\sih\Celeb-DF\Celeb-synthesis\id7_id13_0009.mp4,0
C:\Users\Sandhya\Desktop\sih\Celeb-DF\Celeb-synthesis\id8_id0_0002.mp4,0
C:\Users\Sandhya\Desktop\sih\Celeb-DF\Celeb-synthesis\id8_id0_0003.mp4,0
C:\Users\Sandhya\Desktop\sih\Celeb-DF\Celeb-synthesis\id8_id0_0007.mp4,0
C:\Users\Sandhya\Desktop\sih\Celeb-DF\Celeb-synthesis\id8_id0_0008.mp4,0
C:\Users\Sandhya\Desktop\sih\Celeb-DF\Celeb-synthesis\id8_id1_0002.mp4,0
C:\Users\Sandhya\Desktop\sih\Celeb-DF\Celeb-synthesis\id8_id1_0003.mp4,0
C:\Users\Sandhya\Desktop\sih\Celeb-DF\Celeb-synthesis\id8_id1_0007.mp4,0
C:\Users\Sandhya\Desktop\sih\Celeb-DF\Celeb-synthesis\id8_id1_0008.mp4,0
C:\Users\Sandhya\Desktop\sih\Celeb-DF\Celeb-synthesis\id8_id2_0002.mp4,0
C:\Users\Sandhya\Desktop\sih\Celeb-DF\Celeb-synthesis\id8_id2_0003.mp4,0
C:\Users\Sandhya\Desktop\sih\Celeb-DF\Celeb-synthesis\id8_id2_0007.mp4,0
C:\Users\Sandhya\Desktop\sih\Celeb-DF\Celeb-synthesis\id8_id2_0008.mp4,0
C:\Users\Sandhya\Desktop\sih\Celeb-DF\Celeb-synthesis\id8_id3_0002.mp4,0
C:\Users\Sandhya\Desktop\sih\Celeb-DF\Celeb-synthesis\id8_id3_0003.mp4,0
C:\Users\Sandhya\Desktop\sih\Celeb-DF\Celeb-synthesis\id8_id3_0007.mp4,0
C:\Users\Sandhya\Desktop\sih\Celeb-DF\Celeb-synthesis\id8_id3_0008.mp4,0
C:\Users\Sandhya\Desktop\sih\Celeb-DF\Celeb-synthesis\id8_id4_0007.mp4,0
C:\Users\Sandhya\Desktop\sih\Celeb-DF\Celeb-synthesis\id8_id5_0002.mp4,0
C:\Users\Sandhya\Desktop\sih\Celeb-DF\Celeb-synthesis\id8_id5_0003.mp4,0
C:\Users\Sandhya\Desktop\sih\Celeb-DF\Celeb-synthesis\id8_id5_0007.mp4,0
C:\Users\Sandhya\Desktop\sih\Celeb-DF\Celeb-synthesis\id8_id5_0008.mp4,0
C:\Users\Sandhya\Desktop\sih\Celeb-DF\Celeb-synthesis\id8_id6_0002.mp4,0
C:\Users\Sandhya\Desktop\sih\Celeb-DF\Celeb-synthesis\id8_id6_0003.mp4,0
C:\Users\Sandhya\Desktop\sih\Celeb-DF\Celeb-synthesis\id8_id6_0007.mp4,0
C:\Users\Sandhya\Desktop\sih\Celeb-DF\Celeb-synthesis\id8_id6_0008.mp4,0
C:\Users\Sandhya\Desktop\sih\Celeb-DF\Celeb-synthesis\id8_id7_0002.mp4,0
C:\Users\Sandhya\Desktop\sih\Celeb-DF\Celeb-synthesis\id8_id7_0003.mp4,0
C:\Users\Sandhya\Desktop\sih\Celeb-DF\Celeb-synthesis\id8_id7_0007.mp4,0
C:\Users\Sandhya\Desktop\sih\Celeb-DF\Celeb-synthesis\id8_id7_0008.mp4,0
C:\Users\Sandhya\Desktop\sih\Celeb-DF\Celeb-synthesis\id8_id9_0002.mp4,0
C:\Users\Sandhya\Desktop\sih\Celeb-DF\Celeb-synthesis\id8_id9_0003.mp4,0
C:\Users\Sandhya\Desktop\sih\Celeb-DF\Celeb-synthesis\id8_id9_0007.mp4,0
C:\Users\Sandhya\Desktop\sih\Celeb-DF\Celeb-synthesis\id8_id9_0008.mp4,0
C:\Users\Sandhya\Desktop\sih\Celeb-DF\Celeb-synthesis\id9_id0_0000.mp4,0
C:\Users\Sandhya\Desktop\sih\Celeb-DF\Celeb-synthesis\id9_id0_0001.mp4,0
C:\Users\Sandhya\Desktop\sih\Celeb-DF\Celeb-synthesis\id9_id0_0003.mp4,0
C:\Users\Sandhya\Desktop\sih\Celeb-DF\Celeb-synthesis\id9_id0_0004.mp4,0
C:\Users\Sandhya\Desktop\sih\Celeb-DF\Celeb-synthesis\id9_id0_0005.mp4,0
C:\Users\Sandhya\Desktop\sih\Celeb-DF\Celeb-synthesis\id9_id0_0006.mp4,0
C:\Users\Sandhya\Desktop\sih\Celeb-DF\Celeb-synthesis\id9_id0_0007.mp4,0
C:\Users\Sandhya\Desktop\sih\Celeb-DF\Celeb-synthesis\id9_id0_0008.mp4,0
C:\Users\Sandhya\Desktop\sih\Celeb-DF\Celeb-synthesis\id9_id0_0009.mp4,0
C:\Users\Sandhya\Desktop\sih\Celeb-DF\Celeb-synthesis\id9_id16_0000.mp4,0
C:\Users\Sandhya\Desktop\sih\Celeb-DF\Celeb-synthesis\id9_id16_0001.mp4,0
C:\Users\Sandhya\Desktop\sih\Celeb-DF\Celeb-synthesis\id9_id16_0002.mp4,0
C:\Users\Sandhya\Desktop\sih\Celeb-DF\Celeb-synthesis\id9_id16_0003.mp4,0
C:\Users\Sandhya\Desktop\sih\Celeb-DF\Celeb-synthesis\id9_id16_0004.mp4,0
C:\Users\Sandhya\Desktop\sih\Celeb-DF\Celeb-synthesis\id9_id16_0005.mp4,0
C:\Users\Sandhya\Desktop\sih\Celeb-DF\Celeb-synthesis\id9_id16_0006.mp4,0
C:\Users\Sandhya\Desktop\sih\Celeb-DF\Celeb-synthesis\id9_id16_0007.mp4,0
C:\Users\Sandhya\Desktop\sih\Celeb-DF\Celeb-synthesis\id9_id16_0008.mp4,0
C:\Users\Sandhya\Desktop\sih\Celeb-DF\Celeb-synthesis\id9_id16_0009.mp4,0
C:\Users\Sandhya\Desktop\sih\Celeb-DF\Celeb-synthesis\id9_id17_0000.mp4,0
C:\Users\Sandhya\Desktop\sih\Celeb-DF\Celeb-synthesis\id9_id17_0001.mp4,0
C:\Users\Sandhya\Desktop\sih\Celeb-DF\Celeb-synthesis\id9_id17_0002.mp4,0
C:\Users\Sandhya\Desktop\sih\Celeb-DF\Celeb-synthesis\id9_id17_0003.mp4,0
C:\Users\Sandhya\Desktop\sih\Celeb-DF\Celeb-synthesis\id9_id17_0004.mp4,0
C:\Users\Sandhya\Desktop\sih\Celeb-DF\Celeb-synthesis\id9_id17_0005.mp4,0
C:\Users\Sandhya\Desktop\sih\Celeb-DF\Celeb-synthesis\id9_id17_0006.mp4,0
C:\Users\Sandhya\Desktop\sih\Celeb-DF\Celeb-synthesis\id9_id17_0007.mp4,0
C:\Users\Sandhya\Desktop\sih\Celeb-DF\Celeb-synthesis\id9_id17_0008.mp4,0
C:\Users\Sandhya\Desktop\sih\Celeb-DF\Celeb-synthesis\id9_id17_0009.mp4,0
C:\Users\Sandhya\Desktop\sih\Celeb-DF\Celeb-synthesis\id9_id1_0000.mp4,0
C:\Users\Sandhya\Desktop\sih\Celeb-DF\Celeb-synthesis\id9_id1_0001.mp4,0
C:\Users\Sandhya\Desktop\sih\Celeb-DF\Celeb-synthesis\id9_id1_0002.mp4,0
C:\Users\Sandhya\Desktop\sih\Celeb-DF\Celeb-synthesis\id9_id1_0004.mp4,0
C:\Users\Sandhya\Desktop\sih\Celeb-DF\Celeb-synthesis\id9_id1_0005.mp4,0
C:\Users\Sandhya\Desktop\sih\Celeb-DF\Celeb-synthesis\id9_id1_0006.mp4,0
C:\Users\Sandhya\Desktop\sih\Celeb-DF\Celeb-synthesis\id9_id1_0008.mp4,0
C:\Users\Sandhya\Desktop\sih\Celeb-DF\Celeb-synthesis\id9_id1_0009.mp4,0
C:\Users\Sandhya\Desktop\sih\Celeb-DF\Celeb-synthesis\id9_id2_0000.mp4,0
C:\Users\Sandhya\Desktop\sih\Celeb-DF\Celeb-synthesis\id9_id2_0001.mp4,0
C:\Users\Sandhya\Desktop\sih\Celeb-DF\Celeb-synthesis\id9_id2_0002.mp4,0
C:\Users\Sandhya\Desktop\sih\Celeb-DF\Celeb-synthesis\id9_id2_0004.mp4,0
C:\Users\Sandhya\Desktop\sih\Celeb-DF\Celeb-synthesis\id9_id2_0005.mp4,0
C:\Users\Sandhya\Desktop\sih\Celeb-DF\Celeb-synthesis\id9_id2_0006.mp4,0
C:\Users\Sandhya\Desktop\sih\Celeb-DF\Celeb-synthesis\id9_id2_0007.mp4,0
C:\Users\Sandhya\Desktop\sih\Celeb-DF\Celeb-synthesis\id9_id2_0008.mp4,0
C:\Users\Sandhya\Desktop\sih\Celeb-DF\Celeb-synthesis\id9_id2_0009.mp4,0
C:\Users\Sandhya\Desktop\sih\Celeb-DF\Celeb-synthesis\id9_id3_0000.mp4,0
C:\Users\Sandhya\Desktop\sih\Celeb-DF\Celeb-synthesis\id9_id3_0001.mp4,0
C:\Users\Sandhya\Desktop\sih\Celeb-DF\Celeb-synthesis\id9_id3_0002.mp4,0
C:\Users\Sandhya\Desktop\sih\Celeb-DF\Celeb-synthesis\id9_id3_0004.mp4,0
C:\Users\Sandhya\Desktop\sih\Celeb-DF\Celeb-synthesis\id9_id3_0005.mp4,0
C:\Users\Sandhya\Desktop\sih\Celeb-DF\Celeb-synthesis\id9_id3_0006.mp4,0
C:\Users\Sandhya\Desktop\sih\Celeb-DF\Celeb-synthesis\id9_id3_0007.mp4,0
C:\Users\Sandhya\Desktop\sih\Celeb-DF\Celeb-synthesis\id9_id3_0008.mp4,0
C:\Users\Sandhya\Desktop\sih\Celeb-DF\Celeb-synthesis\id9_id3_0009.mp4,0
C:\Users\Sandhya\Desktop\sih\Celeb-DF\Celeb-synthesis\id9_id4_0000.mp4,0
C:\Users\Sandhya\Desktop\sih\Celeb-DF\Celeb-synthesis\id9_id4_0001.mp4,0
C:\Users\Sandhya\Desktop\sih\Celeb-DF\Celeb-synthesis\id9_id4_0002.mp4,0
C:\Users\Sandhya\Desktop\sih\Celeb-DF\Celeb-synthesis\id9_id4_0004.mp4,0
C:\Users\Sandhya\Desktop\sih\Celeb-DF\Celeb-synthesis\id9_id4_0005.mp4,0
C:\Users\Sandhya\Desktop\sih\Celeb-DF\Celeb-synthesis\id9_id4_0006.mp4,0
C:\Users\Sandhya\Desktop\sih\Celeb-DF\Celeb-synthesis\id9_id4_0007.mp4,0
C:\Users\Sandhya\Desktop\sih\Celeb-DF\Celeb-synthesis\id9_id4_0008.mp4,0
C:\Users\Sandhya\Desktop\sih\Celeb-DF\Celeb-synthesis\id9_id4_0009.mp4,0
C:\Users\Sandhya\Desktop\sih\Celeb-DF\Celeb-synthesis\id9_id6_0000.mp4,0
C:\Users\Sandhya\Desktop\sih\Celeb-DF\Celeb-synthesis\id9_id6_0001.mp4,0
C:\Users\Sandhya\Desktop\sih\Celeb-DF\Celeb-synthesis\id9_id6_0002.mp4,0
C:\Users\Sandhya\Desktop\sih\Celeb-DF\Celeb-synthesis\id9_id6_0004.mp4,0
C:\Users\Sandhya\Desktop\sih\Celeb-DF\Celeb-synthesis\id9_id6_0005.mp4,0
C:\Users\Sandhya\Desktop\sih\Celeb-DF\Celeb-synthesis\id9_id6_0006.mp4,0
C:\Users\Sandhya\Desktop\sih\Celeb-DF\Celeb-synthesis\id9_id6_0007.mp4,0
C:\Users\Sandhya\Desktop\sih\Celeb-DF\Celeb-synthesis\id9_id6_0008.mp4,0
C:\Users\Sandhya\Desktop\sih\Celeb-DF\Celeb-synthesis\id9_id6_0009.mp4,0
